time,id,programID,phase,state
0.00,n1,0,0,GGGggrrrrrGGGggrrrrr
1.00,n1,0,0,GGGggrrrrrGGGggrrrrr
2.00,n1,0,0,GGGggrrrrrGGGggrrrrr
3.00,n1,0,0,GGGggrrrrrGGGggrrrrr
4.00,n1,0,0,GGGggrrrrrGGGggrrrrr
5.00,n1,0,0,GGGggrrrrrGGGggrrrrr
6.00,n1,0,0,GGGggrrrrrGGGggrrrrr
7.00,n1,0,0,GGGggrrrrrGGGggrrrrr
8.00,n1,0,0,GGGggrrrrrGGGggrrrrr
9.00,n1,0,0,GGGggrrrrrGGGggrrrrr
10.00,n1,0,0,GGGggrrrrrGGGggrrrrr
11.00,n1,0,0,GGGggrrrrrGGGggrrrrr
12.00,n1,0,0,GGGggrrrrrGGGggrrrrr
13.00,n1,0,0,GGGggrrrrrGGGggrrrrr
14.00,n1,0,0,GGGggrrrrrGGGggrrrrr
15.00,n1,0,0,GGGggrrrrrGGGggrrrrr
16.00,n1,0,0,GGGggrrrrrGGGggrrrrr
17.00,n1,0,0,GGGggrrrrrGGGggrrrrr
18.00,n1,0,0,GGGggrrrrrGGGggrrrrr
19.00,n1,0,0,GGGggrrrrrGGGggrrrrr
20.00,n1,0,0,GGGggrrrrrGGGggrrrrr
21.00,n1,0,0,GGGggrrrrrGGGggrrrrr
22.00,n1,0,0,GGGggrrrrrGGGggrrrrr
23.00,n1,0,0,GGGggrrrrrGGGggrrrrr
24.00,n1,0,0,GGGggrrrrrGGGggrrrrr
25.00,n1,0,0,GGGggrrrrrGGGggrrrrr
26.00,n1,0,0,GGGggrrrrrGGGggrrrrr
27.00,n1,0,0,GGGggrrrrrGGGggrrrrr
28.00,n1,0,0,GGGggrrrrrGGGggrrrrr
29.00,n1,0,0,GGGggrrrrrGGGggrrrrr
30.00,n1,0,0,GGGggrrrrrGGGggrrrrr
31.00,n1,0,0,GGGggrrrrrGGGggrrrrr
32.00,n1,0,0,GGGggrrrrrGGGggrrrrr
33.00,n1,0,0,GGGggrrrrrGGGggrrrrr
34.00,n1,0,0,GGGggrrrrrGGGggrrrrr
35.00,n1,0,0,GGGggrrrrrGGGggrrrrr
36.00,n1,0,0,GGGggrrrrrGGGggrrrrr
37.00,n1,0,0,GGGggrrrrrGGGggrrrrr
38.00,n1,0,0,GGGggrrrrrGGGggrrrrr
39.00,n1,0,0,GGGggrrrrrGGGggrrrrr
40.00,n1,0,0,GGGggrrrrrGGGggrrrrr
41.00,n1,0,0,GGGggrrrrrGGGggrrrrr
42.00,n1,0,1,yyyyyrrrrryyyyyrrrrr
43.00,n1,0,1,yyyyyrrrrryyyyyrrrrr
44.00,n1,0,1,yyyyyrrrrryyyyyrrrrr
45.00,n1,0,2,rrrrrGGGggrrrrrGGGgg
46.00,n1,0,2,rrrrrGGGggrrrrrGGGgg
47.00,n1,0,2,rrrrrGGGggrrrrrGGGgg
48.00,n1,0,2,rrrrrGGGggrrrrrGGGgg
49.00,n1,0,2,rrrrrGGGggrrrrrGGGgg
50.00,n1,0,2,rrrrrGGGggrrrrrGGGgg
51.00,n1,0,2,rrrrrGGGggrrrrrGGGgg
52.00,n1,0,2,rrrrrGGGggrrrrrGGGgg
53.00,n1,0,2,rrrrrGGGggrrrrrGGGgg
54.00,n1,0,2,rrrrrGGGggrrrrrGGGgg
55.00,n1,0,2,rrrrrGGGggrrrrrGGGgg
56.00,n1,0,2,rrrrrGGGggrrrrrGGGgg
57.00,n1,0,2,rrrrrGGGggrrrrrGGGgg
58.00,n1,0,2,rrrrrGGGggrrrrrGGGgg
59.00,n1,0,2,rrrrrGGGggrrrrrGGGgg
60.00,n1,0,2,rrrrrGGGggrrrrrGGGgg
61.00,n1,0,2,rrrrrGGGggrrrrrGGGgg
62.00,n1,0,2,rrrrrGGGggrrrrrGGGgg
63.00,n1,0,2,rrrrrGGGggrrrrrGGGgg
64.00,n1,0,2,rrrrrGGGggrrrrrGGGgg
65.00,n1,0,2,rrrrrGGGggrrrrrGGGgg
66.00,n1,0,2,rrrrrGGGggrrrrrGGGgg
67.00,n1,0,2,rrrrrGGGggrrrrrGGGgg
68.00,n1,0,2,rrrrrGGGggrrrrrGGGgg
69.00,n1,0,2,rrrrrGGGggrrrrrGGGgg
70.00,n1,0,2,rrrrrGGGggrrrrrGGGgg
71.00,n1,0,2,rrrrrGGGggrrrrrGGGgg
72.00,n1,0,2,rrrrrGGGggrrrrrGGGgg
73.00,n1,0,2,rrrrrGGGggrrrrrGGGgg
74.00,n1,0,2,rrrrrGGGggrrrrrGGGgg
75.00,n1,0,2,rrrrrGGGggrrrrrGGGgg
76.00,n1,0,2,rrrrrGGGggrrrrrGGGgg
77.00,n1,0,2,rrrrrGGGggrrrrrGGGgg
78.00,n1,0,2,rrrrrGGGggrrrrrGGGgg
79.00,n1,0,2,rrrrrGGGggrrrrrGGGgg
80.00,n1,0,2,rrrrrGGGggrrrrrGGGgg
81.00,n1,0,2,rrrrrGGGggrrrrrGGGgg
82.00,n1,0,2,rrrrrGGGggrrrrrGGGgg
83.00,n1,0,2,rrrrrGGGggrrrrrGGGgg
84.00,n1,0,2,rrrrrGGGggrrrrrGGGgg
85.00,n1,0,2,rrrrrGGGggrrrrrGGGgg
86.00,n1,0,2,rrrrrGGGggrrrrrGGGgg
87.00,n1,0,3,rrrrryyyyyrrrrryyyyy
88.00,n1,0,3,rrrrryyyyyrrrrryyyyy
89.00,n1,0,3,rrrrryyyyyrrrrryyyyy
90.00,n1,0,0,GGGggrrrrrGGGggrrrrr
91.00,n1,0,0,GGGggrrrrrGGGggrrrrr
92.00,n1,0,0,GGGggrrrrrGGGggrrrrr
93.00,n1,0,0,GGGggrrrrrGGGggrrrrr
94.00,n1,0,0,GGGggrrrrrGGGggrrrrr
95.00,n1,0,0,GGGggrrrrrGGGggrrrrr
96.00,n1,0,0,GGGggrrrrrGGGggrrrrr
97.00,n1,0,0,GGGggrrrrrGGGggrrrrr
98.00,n1,0,0,GGGggrrrrrGGGggrrrrr
99.00,n1,0,0,GGGggrrrrrGGGggrrrrr
100.00,n1,0,0,GGGggrrrrrGGGggrrrrr
101.00,n1,0,0,GGGggrrrrrGGGggrrrrr
102.00,n1,0,0,GGGggrrrrrGGGggrrrrr
103.00,n1,0,0,GGGggrrrrrGGGggrrrrr
104.00,n1,0,0,GGGggrrrrrGGGggrrrrr
105.00,n1,0,0,GGGggrrrrrGGGggrrrrr
106.00,n1,0,0,GGGggrrrrrGGGggrrrrr
107.00,n1,0,0,GGGggrrrrrGGGggrrrrr
108.00,n1,0,0,GGGggrrrrrGGGggrrrrr
109.00,n1,0,0,GGGggrrrrrGGGggrrrrr
110.00,n1,0,0,GGGggrrrrrGGGggrrrrr
111.00,n1,0,0,GGGggrrrrrGGGggrrrrr
112.00,n1,0,0,GGGggrrrrrGGGggrrrrr
113.00,n1,0,0,GGGggrrrrrGGGggrrrrr
114.00,n1,0,0,GGGggrrrrrGGGggrrrrr
115.00,n1,0,0,GGGggrrrrrGGGggrrrrr
116.00,n1,0,0,GGGggrrrrrGGGggrrrrr
117.00,n1,0,0,GGGggrrrrrGGGggrrrrr
118.00,n1,0,0,GGGggrrrrrGGGggrrrrr
119.00,n1,0,0,GGGggrrrrrGGGggrrrrr
120.00,n1,0,0,GGGggrrrrrGGGggrrrrr
121.00,n1,0,0,GGGggrrrrrGGGggrrrrr
122.00,n1,0,0,GGGggrrrrrGGGggrrrrr
123.00,n1,0,0,GGGggrrrrrGGGggrrrrr
124.00,n1,0,0,GGGggrrrrrGGGggrrrrr
125.00,n1,0,0,GGGggrrrrrGGGggrrrrr
126.00,n1,0,0,GGGggrrrrrGGGggrrrrr
127.00,n1,0,0,GGGggrrrrrGGGggrrrrr
128.00,n1,0,0,GGGggrrrrrGGGggrrrrr
129.00,n1,0,0,GGGggrrrrrGGGggrrrrr
130.00,n1,0,0,GGGggrrrrrGGGggrrrrr
131.00,n1,0,0,GGGggrrrrrGGGggrrrrr
132.00,n1,0,1,yyyyyrrrrryyyyyrrrrr
133.00,n1,0,1,yyyyyrrrrryyyyyrrrrr
134.00,n1,0,1,yyyyyrrrrryyyyyrrrrr
135.00,n1,0,2,rrrrrGGGggrrrrrGGGgg
136.00,n1,0,2,rrrrrGGGggrrrrrGGGgg
137.00,n1,0,2,rrrrrGGGggrrrrrGGGgg
138.00,n1,0,2,rrrrrGGGggrrrrrGGGgg
139.00,n1,0,2,rrrrrGGGggrrrrrGGGgg
140.00,n1,0,2,rrrrrGGGggrrrrrGGGgg
141.00,n1,0,2,rrrrrGGGggrrrrrGGGgg
142.00,n1,0,2,rrrrrGGGggrrrrrGGGgg
143.00,n1,0,2,rrrrrGGGggrrrrrGGGgg
144.00,n1,0,2,rrrrrGGGggrrrrrGGGgg
145.00,n1,0,2,rrrrrGGGggrrrrrGGGgg
146.00,n1,0,2,rrrrrGGGggrrrrrGGGgg
147.00,n1,0,2,rrrrrGGGggrrrrrGGGgg
148.00,n1,0,2,rrrrrGGGggrrrrrGGGgg
149.00,n1,0,2,rrrrrGGGggrrrrrGGGgg
150.00,n1,0,2,rrrrrGGGggrrrrrGGGgg
151.00,n1,0,2,rrrrrGGGggrrrrrGGGgg
152.00,n1,0,2,rrrrrGGGggrrrrrGGGgg
153.00,n1,0,2,rrrrrGGGggrrrrrGGGgg
154.00,n1,0,2,rrrrrGGGggrrrrrGGGgg
155.00,n1,0,2,rrrrrGGGggrrrrrGGGgg
156.00,n1,0,2,rrrrrGGGggrrrrrGGGgg
157.00,n1,0,2,rrrrrGGGggrrrrrGGGgg
158.00,n1,0,2,rrrrrGGGggrrrrrGGGgg
159.00,n1,0,2,rrrrrGGGggrrrrrGGGgg
160.00,n1,0,2,rrrrrGGGggrrrrrGGGgg
161.00,n1,0,2,rrrrrGGGggrrrrrGGGgg
162.00,n1,0,2,rrrrrGGGggrrrrrGGGgg
163.00,n1,0,2,rrrrrGGGggrrrrrGGGgg
164.00,n1,0,2,rrrrrGGGggrrrrrGGGgg
165.00,n1,0,2,rrrrrGGGggrrrrrGGGgg
166.00,n1,0,2,rrrrrGGGggrrrrrGGGgg
167.00,n1,0,2,rrrrrGGGggrrrrrGGGgg
168.00,n1,0,2,rrrrrGGGggrrrrrGGGgg
169.00,n1,0,2,rrrrrGGGggrrrrrGGGgg
170.00,n1,0,2,rrrrrGGGggrrrrrGGGgg
171.00,n1,0,2,rrrrrGGGggrrrrrGGGgg
172.00,n1,0,2,rrrrrGGGggrrrrrGGGgg
173.00,n1,0,2,rrrrrGGGggrrrrrGGGgg
174.00,n1,0,2,rrrrrGGGggrrrrrGGGgg
175.00,n1,0,2,rrrrrGGGggrrrrrGGGgg
176.00,n1,0,2,rrrrrGGGggrrrrrGGGgg
177.00,n1,0,3,rrrrryyyyyrrrrryyyyy
178.00,n1,0,3,rrrrryyyyyrrrrryyyyy
179.00,n1,0,3,rrrrryyyyyrrrrryyyyy
180.00,n1,0,0,GGGggrrrrrGGGggrrrrr
181.00,n1,0,0,GGGggrrrrrGGGggrrrrr
182.00,n1,0,0,GGGggrrrrrGGGggrrrrr
183.00,n1,0,0,GGGggrrrrrGGGggrrrrr
184.00,n1,0,0,GGGggrrrrrGGGggrrrrr
185.00,n1,0,0,GGGggrrrrrGGGggrrrrr
186.00,n1,0,0,GGGggrrrrrGGGggrrrrr
187.00,n1,0,0,GGGggrrrrrGGGggrrrrr
188.00,n1,0,0,GGGggrrrrrGGGggrrrrr
189.00,n1,0,0,GGGggrrrrrGGGggrrrrr
190.00,n1,0,0,GGGggrrrrrGGGggrrrrr
191.00,n1,0,0,GGGggrrrrrGGGggrrrrr
192.00,n1,0,0,GGGggrrrrrGGGggrrrrr
193.00,n1,0,0,GGGggrrrrrGGGggrrrrr
194.00,n1,0,0,GGGggrrrrrGGGggrrrrr
195.00,n1,0,0,GGGggrrrrrGGGggrrrrr
196.00,n1,0,0,GGGggrrrrrGGGggrrrrr
197.00,n1,0,0,GGGggrrrrrGGGggrrrrr
198.00,n1,0,0,GGGggrrrrrGGGggrrrrr
199.00,n1,0,0,GGGggrrrrrGGGggrrrrr
200.00,n1,0,0,GGGggrrrrrGGGggrrrrr
201.00,n1,0,0,GGGggrrrrrGGGggrrrrr
202.00,n1,0,0,GGGggrrrrrGGGggrrrrr
203.00,n1,0,0,GGGggrrrrrGGGggrrrrr
204.00,n1,0,0,GGGggrrrrrGGGggrrrrr
205.00,n1,0,0,GGGggrrrrrGGGggrrrrr
206.00,n1,0,0,GGGggrrrrrGGGggrrrrr
207.00,n1,0,0,GGGggrrrrrGGGggrrrrr
208.00,n1,0,0,GGGggrrrrrGGGggrrrrr
209.00,n1,0,0,GGGggrrrrrGGGggrrrrr
210.00,n1,0,0,GGGggrrrrrGGGggrrrrr
211.00,n1,0,0,GGGggrrrrrGGGggrrrrr
212.00,n1,0,0,GGGggrrrrrGGGggrrrrr
213.00,n1,0,0,GGGggrrrrrGGGggrrrrr
214.00,n1,0,0,GGGggrrrrrGGGggrrrrr
215.00,n1,0,0,GGGggrrrrrGGGggrrrrr
216.00,n1,0,0,GGGggrrrrrGGGggrrrrr
217.00,n1,0,0,GGGggrrrrrGGGggrrrrr
218.00,n1,0,0,GGGggrrrrrGGGggrrrrr
219.00,n1,0,0,GGGggrrrrrGGGggrrrrr
220.00,n1,0,0,GGGggrrrrrGGGggrrrrr
221.00,n1,0,0,GGGggrrrrrGGGggrrrrr
222.00,n1,0,1,yyyyyrrrrryyyyyrrrrr
223.00,n1,0,1,yyyyyrrrrryyyyyrrrrr
224.00,n1,0,1,yyyyyrrrrryyyyyrrrrr
225.00,n1,0,2,rrrrrGGGggrrrrrGGGgg
226.00,n1,0,2,rrrrrGGGggrrrrrGGGgg
227.00,n1,0,2,rrrrrGGGggrrrrrGGGgg
228.00,n1,0,2,rrrrrGGGggrrrrrGGGgg
229.00,n1,0,2,rrrrrGGGggrrrrrGGGgg
230.00,n1,0,2,rrrrrGGGggrrrrrGGGgg
231.00,n1,0,2,rrrrrGGGggrrrrrGGGgg
232.00,n1,0,2,rrrrrGGGggrrrrrGGGgg
233.00,n1,0,2,rrrrrGGGggrrrrrGGGgg
234.00,n1,0,2,rrrrrGGGggrrrrrGGGgg
235.00,n1,0,2,rrrrrGGGggrrrrrGGGgg
236.00,n1,0,2,rrrrrGGGggrrrrrGGGgg
237.00,n1,0,2,rrrrrGGGggrrrrrGGGgg
238.00,n1,0,2,rrrrrGGGggrrrrrGGGgg
239.00,n1,0,2,rrrrrGGGggrrrrrGGGgg
240.00,n1,0,2,rrrrrGGGggrrrrrGGGgg
241.00,n1,0,2,rrrrrGGGggrrrrrGGGgg
242.00,n1,0,2,rrrrrGGGggrrrrrGGGgg
243.00,n1,0,2,rrrrrGGGggrrrrrGGGgg
244.00,n1,0,2,rrrrrGGGggrrrrrGGGgg
245.00,n1,0,2,rrrrrGGGggrrrrrGGGgg
246.00,n1,0,2,rrrrrGGGggrrrrrGGGgg
247.00,n1,0,2,rrrrrGGGggrrrrrGGGgg
248.00,n1,0,2,rrrrrGGGggrrrrrGGGgg
249.00,n1,0,2,rrrrrGGGggrrrrrGGGgg
250.00,n1,0,2,rrrrrGGGggrrrrrGGGgg
251.00,n1,0,2,rrrrrGGGggrrrrrGGGgg
252.00,n1,0,2,rrrrrGGGggrrrrrGGGgg
253.00,n1,0,2,rrrrrGGGggrrrrrGGGgg
254.00,n1,0,2,rrrrrGGGggrrrrrGGGgg
255.00,n1,0,2,rrrrrGGGggrrrrrGGGgg
256.00,n1,0,2,rrrrrGGGggrrrrrGGGgg
257.00,n1,0,2,rrrrrGGGggrrrrrGGGgg
258.00,n1,0,2,rrrrrGGGggrrrrrGGGgg
259.00,n1,0,2,rrrrrGGGggrrrrrGGGgg
260.00,n1,0,2,rrrrrGGGggrrrrrGGGgg
261.00,n1,0,2,rrrrrGGGggrrrrrGGGgg
262.00,n1,0,2,rrrrrGGGggrrrrrGGGgg
263.00,n1,0,2,rrrrrGGGggrrrrrGGGgg
264.00,n1,0,2,rrrrrGGGggrrrrrGGGgg
265.00,n1,0,2,rrrrrGGGggrrrrrGGGgg
266.00,n1,0,2,rrrrrGGGggrrrrrGGGgg
267.00,n1,0,3,rrrrryyyyyrrrrryyyyy
268.00,n1,0,3,rrrrryyyyyrrrrryyyyy
269.00,n1,0,3,rrrrryyyyyrrrrryyyyy
270.00,n1,0,0,GGGggrrrrrGGGggrrrrr
271.00,n1,0,0,GGGggrrrrrGGGggrrrrr
272.00,n1,0,0,GGGggrrrrrGGGggrrrrr
273.00,n1,0,0,GGGggrrrrrGGGggrrrrr
274.00,n1,0,0,GGGggrrrrrGGGggrrrrr
275.00,n1,0,0,GGGggrrrrrGGGggrrrrr
276.00,n1,0,0,GGGggrrrrrGGGggrrrrr
277.00,n1,0,0,GGGggrrrrrGGGggrrrrr
278.00,n1,0,0,GGGggrrrrrGGGggrrrrr
279.00,n1,0,0,GGGggrrrrrGGGggrrrrr
280.00,n1,0,0,GGGggrrrrrGGGggrrrrr
281.00,n1,0,0,GGGggrrrrrGGGggrrrrr
282.00,n1,0,0,GGGggrrrrrGGGggrrrrr
283.00,n1,0,0,GGGggrrrrrGGGggrrrrr
284.00,n1,0,0,GGGggrrrrrGGGggrrrrr
285.00,n1,0,0,GGGggrrrrrGGGggrrrrr
286.00,n1,0,0,GGGggrrrrrGGGggrrrrr
287.00,n1,0,0,GGGggrrrrrGGGggrrrrr
288.00,n1,0,0,GGGggrrrrrGGGggrrrrr
289.00,n1,0,0,GGGggrrrrrGGGggrrrrr
290.00,n1,0,0,GGGggrrrrrGGGggrrrrr
291.00,n1,0,0,GGGggrrrrrGGGggrrrrr
292.00,n1,0,0,GGGggrrrrrGGGggrrrrr
293.00,n1,0,0,GGGggrrrrrGGGggrrrrr
294.00,n1,0,0,GGGggrrrrrGGGggrrrrr
295.00,n1,0,0,GGGggrrrrrGGGggrrrrr
296.00,n1,0,0,GGGggrrrrrGGGggrrrrr
297.00,n1,0,0,GGGggrrrrrGGGggrrrrr
298.00,n1,0,0,GGGggrrrrrGGGggrrrrr
299.00,n1,0,0,GGGggrrrrrGGGggrrrrr
300.00,n1,0,0,GGGggrrrrrGGGggrrrrr
301.00,n1,0,0,GGGggrrrrrGGGggrrrrr
302.00,n1,0,0,GGGggrrrrrGGGggrrrrr
303.00,n1,0,0,GGGggrrrrrGGGggrrrrr
304.00,n1,0,0,GGGggrrrrrGGGggrrrrr
305.00,n1,0,0,GGGggrrrrrGGGggrrrrr
306.00,n1,0,0,GGGggrrrrrGGGggrrrrr
307.00,n1,0,0,GGGggrrrrrGGGggrrrrr
308.00,n1,0,0,GGGggrrrrrGGGggrrrrr
309.00,n1,0,0,GGGggrrrrrGGGggrrrrr
310.00,n1,0,0,GGGggrrrrrGGGggrrrrr
311.00,n1,0,0,GGGggrrrrrGGGggrrrrr
312.00,n1,0,1,yyyyyrrrrryyyyyrrrrr
313.00,n1,0,1,yyyyyrrrrryyyyyrrrrr
314.00,n1,0,1,yyyyyrrrrryyyyyrrrrr
315.00,n1,0,2,rrrrrGGGggrrrrrGGGgg
316.00,n1,0,2,rrrrrGGGggrrrrrGGGgg
317.00,n1,0,2,rrrrrGGGggrrrrrGGGgg
318.00,n1,0,2,rrrrrGGGggrrrrrGGGgg
319.00,n1,0,2,rrrrrGGGggrrrrrGGGgg
320.00,n1,0,2,rrrrrGGGggrrrrrGGGgg
321.00,n1,0,2,rrrrrGGGggrrrrrGGGgg
322.00,n1,0,2,rrrrrGGGggrrrrrGGGgg
323.00,n1,0,2,rrrrrGGGggrrrrrGGGgg
324.00,n1,0,2,rrrrrGGGggrrrrrGGGgg
325.00,n1,0,2,rrrrrGGGggrrrrrGGGgg
326.00,n1,0,2,rrrrrGGGggrrrrrGGGgg
327.00,n1,0,2,rrrrrGGGggrrrrrGGGgg
328.00,n1,0,2,rrrrrGGGggrrrrrGGGgg
329.00,n1,0,2,rrrrrGGGggrrrrrGGGgg
330.00,n1,0,2,rrrrrGGGggrrrrrGGGgg
331.00,n1,0,2,rrrrrGGGggrrrrrGGGgg
332.00,n1,0,2,rrrrrGGGggrrrrrGGGgg
333.00,n1,0,2,rrrrrGGGggrrrrrGGGgg
334.00,n1,0,2,rrrrrGGGggrrrrrGGGgg
335.00,n1,0,2,rrrrrGGGggrrrrrGGGgg
336.00,n1,0,2,rrrrrGGGggrrrrrGGGgg
337.00,n1,0,2,rrrrrGGGggrrrrrGGGgg
338.00,n1,0,2,rrrrrGGGggrrrrrGGGgg
339.00,n1,0,2,rrrrrGGGggrrrrrGGGgg
340.00,n1,0,2,rrrrrGGGggrrrrrGGGgg
341.00,n1,0,2,rrrrrGGGggrrrrrGGGgg
342.00,n1,0,2,rrrrrGGGggrrrrrGGGgg
343.00,n1,0,2,rrrrrGGGggrrrrrGGGgg
344.00,n1,0,2,rrrrrGGGggrrrrrGGGgg
345.00,n1,0,2,rrrrrGGGggrrrrrGGGgg
346.00,n1,0,2,rrrrrGGGggrrrrrGGGgg
347.00,n1,0,2,rrrrrGGGggrrrrrGGGgg
348.00,n1,0,2,rrrrrGGGggrrrrrGGGgg
349.00,n1,0,2,rrrrrGGGggrrrrrGGGgg
350.00,n1,0,2,rrrrrGGGggrrrrrGGGgg
351.00,n1,0,2,rrrrrGGGggrrrrrGGGgg
352.00,n1,0,2,rrrrrGGGggrrrrrGGGgg
353.00,n1,0,2,rrrrrGGGggrrrrrGGGgg
354.00,n1,0,2,rrrrrGGGggrrrrrGGGgg
355.00,n1,0,2,rrrrrGGGggrrrrrGGGgg
356.00,n1,0,2,rrrrrGGGggrrrrrGGGgg
357.00,n1,0,3,rrrrryyyyyrrrrryyyyy
358.00,n1,0,3,rrrrryyyyyrrrrryyyyy
359.00,n1,0,3,rrrrryyyyyrrrrryyyyy
360.00,n1,0,0,GGGggrrrrrGGGggrrrrr
361.00,n1,0,0,GGGggrrrrrGGGggrrrrr
362.00,n1,0,0,GGGggrrrrrGGGggrrrrr
363.00,n1,0,0,GGGggrrrrrGGGggrrrrr
364.00,n1,0,0,GGGggrrrrrGGGggrrrrr
365.00,n1,0,0,GGGggrrrrrGGGggrrrrr
366.00,n1,0,0,GGGggrrrrrGGGggrrrrr
367.00,n1,0,0,GGGggrrrrrGGGggrrrrr
368.00,n1,0,0,GGGggrrrrrGGGggrrrrr
369.00,n1,0,0,GGGggrrrrrGGGggrrrrr
370.00,n1,0,0,GGGggrrrrrGGGggrrrrr
371.00,n1,0,0,GGGggrrrrrGGGggrrrrr
372.00,n1,0,0,GGGggrrrrrGGGggrrrrr
373.00,n1,0,0,GGGggrrrrrGGGggrrrrr
374.00,n1,0,0,GGGggrrrrrGGGggrrrrr
375.00,n1,0,0,GGGggrrrrrGGGggrrrrr
376.00,n1,0,0,GGGggrrrrrGGGggrrrrr
377.00,n1,0,0,GGGggrrrrrGGGggrrrrr
378.00,n1,0,0,GGGggrrrrrGGGggrrrrr
379.00,n1,0,0,GGGggrrrrrGGGggrrrrr
380.00,n1,0,0,GGGggrrrrrGGGggrrrrr
381.00,n1,0,0,GGGggrrrrrGGGggrrrrr
382.00,n1,0,0,GGGggrrrrrGGGggrrrrr
383.00,n1,0,0,GGGggrrrrrGGGggrrrrr
384.00,n1,0,0,GGGggrrrrrGGGggrrrrr
385.00,n1,0,0,GGGggrrrrrGGGggrrrrr
386.00,n1,0,0,GGGggrrrrrGGGggrrrrr
387.00,n1,0,0,GGGggrrrrrGGGggrrrrr
388.00,n1,0,0,GGGggrrrrrGGGggrrrrr
389.00,n1,0,0,GGGggrrrrrGGGggrrrrr
390.00,n1,0,0,GGGggrrrrrGGGggrrrrr
391.00,n1,0,0,GGGggrrrrrGGGggrrrrr
392.00,n1,0,0,GGGggrrrrrGGGggrrrrr
393.00,n1,0,0,GGGggrrrrrGGGggrrrrr
394.00,n1,0,0,GGGggrrrrrGGGggrrrrr
395.00,n1,0,0,GGGggrrrrrGGGggrrrrr
396.00,n1,0,0,GGGggrrrrrGGGggrrrrr
397.00,n1,0,0,GGGggrrrrrGGGggrrrrr
398.00,n1,0,0,GGGggrrrrrGGGggrrrrr
399.00,n1,0,0,GGGggrrrrrGGGggrrrrr
400.00,n1,0,0,GGGggrrrrrGGGggrrrrr
401.00,n1,0,0,GGGggrrrrrGGGggrrrrr
402.00,n1,0,1,yyyyyrrrrryyyyyrrrrr
403.00,n1,0,1,yyyyyrrrrryyyyyrrrrr
404.00,n1,0,1,yyyyyrrrrryyyyyrrrrr
405.00,n1,0,2,rrrrrGGGggrrrrrGGGgg
406.00,n1,0,2,rrrrrGGGggrrrrrGGGgg
407.00,n1,0,2,rrrrrGGGggrrrrrGGGgg
408.00,n1,0,2,rrrrrGGGggrrrrrGGGgg
409.00,n1,0,2,rrrrrGGGggrrrrrGGGgg
410.00,n1,0,2,rrrrrGGGggrrrrrGGGgg
411.00,n1,0,2,rrrrrGGGggrrrrrGGGgg
412.00,n1,0,2,rrrrrGGGggrrrrrGGGgg
413.00,n1,0,2,rrrrrGGGggrrrrrGGGgg
414.00,n1,0,2,rrrrrGGGggrrrrrGGGgg
415.00,n1,0,2,rrrrrGGGggrrrrrGGGgg
416.00,n1,0,2,rrrrrGGGggrrrrrGGGgg
417.00,n1,0,2,rrrrrGGGggrrrrrGGGgg
418.00,n1,0,2,rrrrrGGGggrrrrrGGGgg
419.00,n1,0,2,rrrrrGGGggrrrrrGGGgg
420.00,n1,0,2,rrrrrGGGggrrrrrGGGgg
421.00,n1,0,2,rrrrrGGGggrrrrrGGGgg
422.00,n1,0,2,rrrrrGGGggrrrrrGGGgg
423.00,n1,0,2,rrrrrGGGggrrrrrGGGgg
424.00,n1,0,2,rrrrrGGGggrrrrrGGGgg
425.00,n1,0,2,rrrrrGGGggrrrrrGGGgg
426.00,n1,0,2,rrrrrGGGggrrrrrGGGgg
427.00,n1,0,2,rrrrrGGGggrrrrrGGGgg
428.00,n1,0,2,rrrrrGGGggrrrrrGGGgg
429.00,n1,0,2,rrrrrGGGggrrrrrGGGgg
430.00,n1,0,2,rrrrrGGGggrrrrrGGGgg
431.00,n1,0,2,rrrrrGGGggrrrrrGGGgg
432.00,n1,0,2,rrrrrGGGggrrrrrGGGgg
433.00,n1,0,2,rrrrrGGGggrrrrrGGGgg
434.00,n1,0,2,rrrrrGGGggrrrrrGGGgg
435.00,n1,0,2,rrrrrGGGggrrrrrGGGgg
436.00,n1,0,2,rrrrrGGGggrrrrrGGGgg
437.00,n1,0,2,rrrrrGGGggrrrrrGGGgg
438.00,n1,0,2,rrrrrGGGggrrrrrGGGgg
439.00,n1,0,2,rrrrrGGGggrrrrrGGGgg
440.00,n1,0,2,rrrrrGGGggrrrrrGGGgg
441.00,n1,0,2,rrrrrGGGggrrrrrGGGgg
442.00,n1,0,2,rrrrrGGGggrrrrrGGGgg
443.00,n1,0,2,rrrrrGGGggrrrrrGGGgg
444.00,n1,0,2,rrrrrGGGggrrrrrGGGgg
445.00,n1,0,2,rrrrrGGGggrrrrrGGGgg
446.00,n1,0,2,rrrrrGGGggrrrrrGGGgg
447.00,n1,0,3,rrrrryyyyyrrrrryyyyy
448.00,n1,0,3,rrrrryyyyyrrrrryyyyy
449.00,n1,0,3,rrrrryyyyyrrrrryyyyy
450.00,n1,0,0,GGGggrrrrrGGGggrrrrr
451.00,n1,0,0,GGGggrrrrrGGGggrrrrr
452.00,n1,0,0,GGGggrrrrrGGGggrrrrr
453.00,n1,0,0,GGGggrrrrrGGGggrrrrr
454.00,n1,0,0,GGGggrrrrrGGGggrrrrr
455.00,n1,0,0,GGGggrrrrrGGGggrrrrr
456.00,n1,0,0,GGGggrrrrrGGGggrrrrr
457.00,n1,0,0,GGGggrrrrrGGGggrrrrr
458.00,n1,0,0,GGGggrrrrrGGGggrrrrr
459.00,n1,0,0,GGGggrrrrrGGGggrrrrr
460.00,n1,0,0,GGGggrrrrrGGGggrrrrr
461.00,n1,0,0,GGGggrrrrrGGGggrrrrr
462.00,n1,0,0,GGGggrrrrrGGGggrrrrr
463.00,n1,0,0,GGGggrrrrrGGGggrrrrr
464.00,n1,0,0,GGGggrrrrrGGGggrrrrr
465.00,n1,0,0,GGGggrrrrrGGGggrrrrr
466.00,n1,0,0,GGGggrrrrrGGGggrrrrr
467.00,n1,0,0,GGGggrrrrrGGGggrrrrr
468.00,n1,0,0,GGGggrrrrrGGGggrrrrr
469.00,n1,0,0,GGGggrrrrrGGGggrrrrr
470.00,n1,0,0,GGGggrrrrrGGGggrrrrr
471.00,n1,0,0,GGGggrrrrrGGGggrrrrr
472.00,n1,0,0,GGGggrrrrrGGGggrrrrr
473.00,n1,0,0,GGGggrrrrrGGGggrrrrr
474.00,n1,0,0,GGGggrrrrrGGGggrrrrr
475.00,n1,0,0,GGGggrrrrrGGGggrrrrr
476.00,n1,0,0,GGGggrrrrrGGGggrrrrr
477.00,n1,0,0,GGGggrrrrrGGGggrrrrr
478.00,n1,0,0,GGGggrrrrrGGGggrrrrr
479.00,n1,0,0,GGGggrrrrrGGGggrrrrr
480.00,n1,0,0,GGGggrrrrrGGGggrrrrr
481.00,n1,0,0,GGGggrrrrrGGGggrrrrr
482.00,n1,0,0,GGGggrrrrrGGGggrrrrr
483.00,n1,0,0,GGGggrrrrrGGGggrrrrr
484.00,n1,0,0,GGGggrrrrrGGGggrrrrr
485.00,n1,0,0,GGGggrrrrrGGGggrrrrr
486.00,n1,0,0,GGGggrrrrrGGGggrrrrr
487.00,n1,0,0,GGGggrrrrrGGGggrrrrr
488.00,n1,0,0,GGGggrrrrrGGGggrrrrr
489.00,n1,0,0,GGGggrrrrrGGGggrrrrr
490.00,n1,0,0,GGGggrrrrrGGGggrrrrr
491.00,n1,0,0,GGGggrrrrrGGGggrrrrr
492.00,n1,0,1,yyyyyrrrrryyyyyrrrrr
493.00,n1,0,1,yyyyyrrrrryyyyyrrrrr
494.00,n1,0,1,yyyyyrrrrryyyyyrrrrr
495.00,n1,0,2,rrrrrGGGggrrrrrGGGgg
496.00,n1,0,2,rrrrrGGGggrrrrrGGGgg
497.00,n1,0,2,rrrrrGGGggrrrrrGGGgg
498.00,n1,0,2,rrrrrGGGggrrrrrGGGgg
499.00,n1,0,2,rrrrrGGGggrrrrrGGGgg
500.00,n1,0,2,rrrrrGGGggrrrrrGGGgg
501.00,n1,0,2,rrrrrGGGggrrrrrGGGgg
502.00,n1,0,2,rrrrrGGGggrrrrrGGGgg
503.00,n1,0,2,rrrrrGGGggrrrrrGGGgg
504.00,n1,0,2,rrrrrGGGggrrrrrGGGgg
505.00,n1,0,2,rrrrrGGGggrrrrrGGGgg
506.00,n1,0,2,rrrrrGGGggrrrrrGGGgg
507.00,n1,0,2,rrrrrGGGggrrrrrGGGgg
508.00,n1,0,2,rrrrrGGGggrrrrrGGGgg
509.00,n1,0,2,rrrrrGGGggrrrrrGGGgg
510.00,n1,0,2,rrrrrGGGggrrrrrGGGgg
511.00,n1,0,2,rrrrrGGGggrrrrrGGGgg
512.00,n1,0,2,rrrrrGGGggrrrrrGGGgg
513.00,n1,0,2,rrrrrGGGggrrrrrGGGgg
514.00,n1,0,2,rrrrrGGGggrrrrrGGGgg
515.00,n1,0,2,rrrrrGGGggrrrrrGGGgg
516.00,n1,0,2,rrrrrGGGggrrrrrGGGgg
517.00,n1,0,2,rrrrrGGGggrrrrrGGGgg
518.00,n1,0,2,rrrrrGGGggrrrrrGGGgg
519.00,n1,0,2,rrrrrGGGggrrrrrGGGgg
520.00,n1,0,2,rrrrrGGGggrrrrrGGGgg
521.00,n1,0,2,rrrrrGGGggrrrrrGGGgg
522.00,n1,0,2,rrrrrGGGggrrrrrGGGgg
523.00,n1,0,2,rrrrrGGGggrrrrrGGGgg
524.00,n1,0,2,rrrrrGGGggrrrrrGGGgg
525.00,n1,0,2,rrrrrGGGggrrrrrGGGgg
526.00,n1,0,2,rrrrrGGGggrrrrrGGGgg
527.00,n1,0,2,rrrrrGGGggrrrrrGGGgg
528.00,n1,0,2,rrrrrGGGggrrrrrGGGgg
529.00,n1,0,2,rrrrrGGGggrrrrrGGGgg
530.00,n1,0,2,rrrrrGGGggrrrrrGGGgg
531.00,n1,0,2,rrrrrGGGggrrrrrGGGgg
532.00,n1,0,2,rrrrrGGGggrrrrrGGGgg
533.00,n1,0,2,rrrrrGGGggrrrrrGGGgg
534.00,n1,0,2,rrrrrGGGggrrrrrGGGgg
535.00,n1,0,2,rrrrrGGGggrrrrrGGGgg
536.00,n1,0,2,rrrrrGGGggrrrrrGGGgg
537.00,n1,0,3,rrrrryyyyyrrrrryyyyy
538.00,n1,0,3,rrrrryyyyyrrrrryyyyy
539.00,n1,0,3,rrrrryyyyyrrrrryyyyy
540.00,n1,0,0,GGGggrrrrrGGGggrrrrr
541.00,n1,0,0,GGGggrrrrrGGGggrrrrr
542.00,n1,0,0,GGGggrrrrrGGGggrrrrr
543.00,n1,0,0,GGGggrrrrrGGGggrrrrr
544.00,n1,0,0,GGGggrrrrrGGGggrrrrr
545.00,n1,0,0,GGGggrrrrrGGGggrrrrr
546.00,n1,0,0,GGGggrrrrrGGGggrrrrr
547.00,n1,0,0,GGGggrrrrrGGGggrrrrr
548.00,n1,0,0,GGGggrrrrrGGGggrrrrr
549.00,n1,0,0,GGGggrrrrrGGGggrrrrr
550.00,n1,0,0,GGGggrrrrrGGGggrrrrr
551.00,n1,0,0,GGGggrrrrrGGGggrrrrr
552.00,n1,0,0,GGGggrrrrrGGGggrrrrr
553.00,n1,0,0,GGGggrrrrrGGGggrrrrr
554.00,n1,0,0,GGGggrrrrrGGGggrrrrr
555.00,n1,0,0,GGGggrrrrrGGGggrrrrr
556.00,n1,0,0,GGGggrrrrrGGGggrrrrr
557.00,n1,0,0,GGGggrrrrrGGGggrrrrr
558.00,n1,0,0,GGGggrrrrrGGGggrrrrr
559.00,n1,0,0,GGGggrrrrrGGGggrrrrr
560.00,n1,0,0,GGGggrrrrrGGGggrrrrr
561.00,n1,0,0,GGGggrrrrrGGGggrrrrr
562.00,n1,0,0,GGGggrrrrrGGGggrrrrr
563.00,n1,0,0,GGGggrrrrrGGGggrrrrr
564.00,n1,0,0,GGGggrrrrrGGGggrrrrr
565.00,n1,0,0,GGGggrrrrrGGGggrrrrr
566.00,n1,0,0,GGGggrrrrrGGGggrrrrr
567.00,n1,0,0,GGGggrrrrrGGGggrrrrr
568.00,n1,0,0,GGGggrrrrrGGGggrrrrr
569.00,n1,0,0,GGGggrrrrrGGGggrrrrr
570.00,n1,0,0,GGGggrrrrrGGGggrrrrr
571.00,n1,0,0,GGGggrrrrrGGGggrrrrr
572.00,n1,0,0,GGGggrrrrrGGGggrrrrr
573.00,n1,0,0,GGGggrrrrrGGGggrrrrr
574.00,n1,0,0,GGGggrrrrrGGGggrrrrr
575.00,n1,0,0,GGGggrrrrrGGGggrrrrr
576.00,n1,0,0,GGGggrrrrrGGGggrrrrr
577.00,n1,0,0,GGGggrrrrrGGGggrrrrr
578.00,n1,0,0,GGGggrrrrrGGGggrrrrr
579.00,n1,0,0,GGGggrrrrrGGGggrrrrr
580.00,n1,0,0,GGGggrrrrrGGGggrrrrr
581.00,n1,0,0,GGGggrrrrrGGGggrrrrr
582.00,n1,0,1,yyyyyrrrrryyyyyrrrrr
583.00,n1,0,1,yyyyyrrrrryyyyyrrrrr
584.00,n1,0,1,yyyyyrrrrryyyyyrrrrr
585.00,n1,0,2,rrrrrGGGggrrrrrGGGgg
586.00,n1,0,2,rrrrrGGGggrrrrrGGGgg
587.00,n1,0,2,rrrrrGGGggrrrrrGGGgg
588.00,n1,0,2,rrrrrGGGggrrrrrGGGgg
589.00,n1,0,2,rrrrrGGGggrrrrrGGGgg
590.00,n1,0,2,rrrrrGGGggrrrrrGGGgg
591.00,n1,0,2,rrrrrGGGggrrrrrGGGgg
592.00,n1,0,2,rrrrrGGGggrrrrrGGGgg
593.00,n1,0,2,rrrrrGGGggrrrrrGGGgg
594.00,n1,0,2,rrrrrGGGggrrrrrGGGgg
595.00,n1,0,2,rrrrrGGGggrrrrrGGGgg
596.00,n1,0,2,rrrrrGGGggrrrrrGGGgg
597.00,n1,0,2,rrrrrGGGggrrrrrGGGgg
598.00,n1,0,2,rrrrrGGGggrrrrrGGGgg
599.00,n1,0,2,rrrrrGGGggrrrrrGGGgg
600.00,n1,0,2,rrrrrGGGggrrrrrGGGgg
601.00,n1,0,2,rrrrrGGGggrrrrrGGGgg
602.00,n1,0,2,rrrrrGGGggrrrrrGGGgg
603.00,n1,0,2,rrrrrGGGggrrrrrGGGgg
604.00,n1,0,2,rrrrrGGGggrrrrrGGGgg
605.00,n1,0,2,rrrrrGGGggrrrrrGGGgg
606.00,n1,0,2,rrrrrGGGggrrrrrGGGgg
607.00,n1,0,2,rrrrrGGGggrrrrrGGGgg
608.00,n1,0,2,rrrrrGGGggrrrrrGGGgg
609.00,n1,0,2,rrrrrGGGggrrrrrGGGgg
610.00,n1,0,2,rrrrrGGGggrrrrrGGGgg
611.00,n1,0,2,rrrrrGGGggrrrrrGGGgg
612.00,n1,0,2,rrrrrGGGggrrrrrGGGgg
613.00,n1,0,2,rrrrrGGGggrrrrrGGGgg
614.00,n1,0,2,rrrrrGGGggrrrrrGGGgg
615.00,n1,0,2,rrrrrGGGggrrrrrGGGgg
616.00,n1,0,2,rrrrrGGGggrrrrrGGGgg
617.00,n1,0,2,rrrrrGGGggrrrrrGGGgg
618.00,n1,0,2,rrrrrGGGggrrrrrGGGgg
619.00,n1,0,2,rrrrrGGGggrrrrrGGGgg
620.00,n1,0,2,rrrrrGGGggrrrrrGGGgg
621.00,n1,0,2,rrrrrGGGggrrrrrGGGgg
622.00,n1,0,2,rrrrrGGGggrrrrrGGGgg
623.00,n1,0,2,rrrrrGGGggrrrrrGGGgg
624.00,n1,0,2,rrrrrGGGggrrrrrGGGgg
625.00,n1,0,2,rrrrrGGGggrrrrrGGGgg
626.00,n1,0,2,rrrrrGGGggrrrrrGGGgg
627.00,n1,0,3,rrrrryyyyyrrrrryyyyy
628.00,n1,0,3,rrrrryyyyyrrrrryyyyy
629.00,n1,0,3,rrrrryyyyyrrrrryyyyy
630.00,n1,0,0,GGGggrrrrrGGGggrrrrr
631.00,n1,0,0,GGGggrrrrrGGGggrrrrr
632.00,n1,0,0,GGGggrrrrrGGGggrrrrr
633.00,n1,0,0,GGGggrrrrrGGGggrrrrr
634.00,n1,0,0,GGGggrrrrrGGGggrrrrr
635.00,n1,0,0,GGGggrrrrrGGGggrrrrr
636.00,n1,0,0,GGGggrrrrrGGGggrrrrr
637.00,n1,0,0,GGGggrrrrrGGGggrrrrr
638.00,n1,0,0,GGGggrrrrrGGGggrrrrr
639.00,n1,0,0,GGGggrrrrrGGGggrrrrr
640.00,n1,0,0,GGGggrrrrrGGGggrrrrr
641.00,n1,0,0,GGGggrrrrrGGGggrrrrr
642.00,n1,0,0,GGGggrrrrrGGGggrrrrr
643.00,n1,0,0,GGGggrrrrrGGGggrrrrr
644.00,n1,0,0,GGGggrrrrrGGGggrrrrr
645.00,n1,0,0,GGGggrrrrrGGGggrrrrr
646.00,n1,0,0,GGGggrrrrrGGGggrrrrr
647.00,n1,0,0,GGGggrrrrrGGGggrrrrr
648.00,n1,0,0,GGGggrrrrrGGGggrrrrr
649.00,n1,0,0,GGGggrrrrrGGGggrrrrr
650.00,n1,0,0,GGGggrrrrrGGGggrrrrr
651.00,n1,0,0,GGGggrrrrrGGGggrrrrr
652.00,n1,0,0,GGGggrrrrrGGGggrrrrr
653.00,n1,0,0,GGGggrrrrrGGGggrrrrr
654.00,n1,0,0,GGGggrrrrrGGGggrrrrr
655.00,n1,0,0,GGGggrrrrrGGGggrrrrr
656.00,n1,0,0,GGGggrrrrrGGGggrrrrr
657.00,n1,0,0,GGGggrrrrrGGGggrrrrr
658.00,n1,0,0,GGGggrrrrrGGGggrrrrr
659.00,n1,0,0,GGGggrrrrrGGGggrrrrr
660.00,n1,0,0,GGGggrrrrrGGGggrrrrr
661.00,n1,0,0,GGGggrrrrrGGGggrrrrr
662.00,n1,0,0,GGGggrrrrrGGGggrrrrr
663.00,n1,0,0,GGGggrrrrrGGGggrrrrr
664.00,n1,0,0,GGGggrrrrrGGGggrrrrr
665.00,n1,0,0,GGGggrrrrrGGGggrrrrr
666.00,n1,0,0,GGGggrrrrrGGGggrrrrr
667.00,n1,0,0,GGGggrrrrrGGGggrrrrr
668.00,n1,0,0,GGGggrrrrrGGGggrrrrr
669.00,n1,0,0,GGGggrrrrrGGGggrrrrr
670.00,n1,0,0,GGGggrrrrrGGGggrrrrr
671.00,n1,0,0,GGGggrrrrrGGGggrrrrr
672.00,n1,0,1,yyyyyrrrrryyyyyrrrrr
673.00,n1,0,1,yyyyyrrrrryyyyyrrrrr
674.00,n1,0,1,yyyyyrrrrryyyyyrrrrr
675.00,n1,0,2,rrrrrGGGggrrrrrGGGgg
676.00,n1,0,2,rrrrrGGGggrrrrrGGGgg
677.00,n1,0,2,rrrrrGGGggrrrrrGGGgg
678.00,n1,0,2,rrrrrGGGggrrrrrGGGgg
679.00,n1,0,2,rrrrrGGGggrrrrrGGGgg
680.00,n1,0,2,rrrrrGGGggrrrrrGGGgg
681.00,n1,0,2,rrrrrGGGggrrrrrGGGgg
682.00,n1,0,2,rrrrrGGGggrrrrrGGGgg
683.00,n1,0,2,rrrrrGGGggrrrrrGGGgg
684.00,n1,0,2,rrrrrGGGggrrrrrGGGgg
685.00,n1,0,2,rrrrrGGGggrrrrrGGGgg
686.00,n1,0,2,rrrrrGGGggrrrrrGGGgg
687.00,n1,0,2,rrrrrGGGggrrrrrGGGgg
688.00,n1,0,2,rrrrrGGGggrrrrrGGGgg
689.00,n1,0,2,rrrrrGGGggrrrrrGGGgg
690.00,n1,0,2,rrrrrGGGggrrrrrGGGgg
691.00,n1,0,2,rrrrrGGGggrrrrrGGGgg
692.00,n1,0,2,rrrrrGGGggrrrrrGGGgg
693.00,n1,0,2,rrrrrGGGggrrrrrGGGgg
694.00,n1,0,2,rrrrrGGGggrrrrrGGGgg
695.00,n1,0,2,rrrrrGGGggrrrrrGGGgg
696.00,n1,0,2,rrrrrGGGggrrrrrGGGgg
697.00,n1,0,2,rrrrrGGGggrrrrrGGGgg
698.00,n1,0,2,rrrrrGGGggrrrrrGGGgg
699.00,n1,0,2,rrrrrGGGggrrrrrGGGgg
700.00,n1,0,2,rrrrrGGGggrrrrrGGGgg
701.00,n1,0,2,rrrrrGGGggrrrrrGGGgg
702.00,n1,0,2,rrrrrGGGggrrrrrGGGgg
703.00,n1,0,2,rrrrrGGGggrrrrrGGGgg
704.00,n1,0,2,rrrrrGGGggrrrrrGGGgg
705.00,n1,0,2,rrrrrGGGggrrrrrGGGgg
706.00,n1,0,2,rrrrrGGGggrrrrrGGGgg
707.00,n1,0,2,rrrrrGGGggrrrrrGGGgg
708.00,n1,0,2,rrrrrGGGggrrrrrGGGgg
709.00,n1,0,2,rrrrrGGGggrrrrrGGGgg
710.00,n1,0,2,rrrrrGGGggrrrrrGGGgg
711.00,n1,0,2,rrrrrGGGggrrrrrGGGgg
712.00,n1,0,2,rrrrrGGGggrrrrrGGGgg
713.00,n1,0,2,rrrrrGGGggrrrrrGGGgg
714.00,n1,0,2,rrrrrGGGggrrrrrGGGgg
715.00,n1,0,2,rrrrrGGGggrrrrrGGGgg
716.00,n1,0,2,rrrrrGGGggrrrrrGGGgg
717.00,n1,0,3,rrrrryyyyyrrrrryyyyy
718.00,n1,0,3,rrrrryyyyyrrrrryyyyy
719.00,n1,0,3,rrrrryyyyyrrrrryyyyy
720.00,n1,0,0,GGGggrrrrrGGGggrrrrr
721.00,n1,0,0,GGGggrrrrrGGGggrrrrr
722.00,n1,0,0,GGGggrrrrrGGGggrrrrr
723.00,n1,0,0,GGGggrrrrrGGGggrrrrr
724.00,n1,0,0,GGGggrrrrrGGGggrrrrr
725.00,n1,0,0,GGGggrrrrrGGGggrrrrr
726.00,n1,0,0,GGGggrrrrrGGGggrrrrr
727.00,n1,0,0,GGGggrrrrrGGGggrrrrr
728.00,n1,0,0,GGGggrrrrrGGGggrrrrr
729.00,n1,0,0,GGGggrrrrrGGGggrrrrr
730.00,n1,0,0,GGGggrrrrrGGGggrrrrr
731.00,n1,0,0,GGGggrrrrrGGGggrrrrr
732.00,n1,0,0,GGGggrrrrrGGGggrrrrr
733.00,n1,0,0,GGGggrrrrrGGGggrrrrr
734.00,n1,0,0,GGGggrrrrrGGGggrrrrr
735.00,n1,0,0,GGGggrrrrrGGGggrrrrr
736.00,n1,0,0,GGGggrrrrrGGGggrrrrr
737.00,n1,0,0,GGGggrrrrrGGGggrrrrr
738.00,n1,0,0,GGGggrrrrrGGGggrrrrr
739.00,n1,0,0,GGGggrrrrrGGGggrrrrr
740.00,n1,0,0,GGGggrrrrrGGGggrrrrr
741.00,n1,0,0,GGGggrrrrrGGGggrrrrr
742.00,n1,0,0,GGGggrrrrrGGGggrrrrr
743.00,n1,0,0,GGGggrrrrrGGGggrrrrr
744.00,n1,0,0,GGGggrrrrrGGGggrrrrr
745.00,n1,0,0,GGGggrrrrrGGGggrrrrr
746.00,n1,0,0,GGGggrrrrrGGGggrrrrr
747.00,n1,0,0,GGGggrrrrrGGGggrrrrr
748.00,n1,0,0,GGGggrrrrrGGGggrrrrr
749.00,n1,0,0,GGGggrrrrrGGGggrrrrr
750.00,n1,0,0,GGGggrrrrrGGGggrrrrr
751.00,n1,0,0,GGGggrrrrrGGGggrrrrr
752.00,n1,0,0,GGGggrrrrrGGGggrrrrr
753.00,n1,0,0,GGGggrrrrrGGGggrrrrr
754.00,n1,0,0,GGGggrrrrrGGGggrrrrr
755.00,n1,0,0,GGGggrrrrrGGGggrrrrr
756.00,n1,0,0,GGGggrrrrrGGGggrrrrr
757.00,n1,0,0,GGGggrrrrrGGGggrrrrr
758.00,n1,0,0,GGGggrrrrrGGGggrrrrr
759.00,n1,0,0,GGGggrrrrrGGGggrrrrr
760.00,n1,0,0,GGGggrrrrrGGGggrrrrr
761.00,n1,0,0,GGGggrrrrrGGGggrrrrr
762.00,n1,0,1,yyyyyrrrrryyyyyrrrrr
763.00,n1,0,1,yyyyyrrrrryyyyyrrrrr
764.00,n1,0,1,yyyyyrrrrryyyyyrrrrr
765.00,n1,0,2,rrrrrGGGggrrrrrGGGgg
766.00,n1,0,2,rrrrrGGGggrrrrrGGGgg
767.00,n1,0,2,rrrrrGGGggrrrrrGGGgg
768.00,n1,0,2,rrrrrGGGggrrrrrGGGgg
769.00,n1,0,2,rrrrrGGGggrrrrrGGGgg
770.00,n1,0,2,rrrrrGGGggrrrrrGGGgg
771.00,n1,0,2,rrrrrGGGggrrrrrGGGgg
772.00,n1,0,2,rrrrrGGGggrrrrrGGGgg
773.00,n1,0,2,rrrrrGGGggrrrrrGGGgg
774.00,n1,0,2,rrrrrGGGggrrrrrGGGgg
775.00,n1,0,2,rrrrrGGGggrrrrrGGGgg
776.00,n1,0,2,rrrrrGGGggrrrrrGGGgg
777.00,n1,0,2,rrrrrGGGggrrrrrGGGgg
778.00,n1,0,2,rrrrrGGGggrrrrrGGGgg
779.00,n1,0,2,rrrrrGGGggrrrrrGGGgg
780.00,n1,0,2,rrrrrGGGggrrrrrGGGgg
781.00,n1,0,2,rrrrrGGGggrrrrrGGGgg
782.00,n1,0,2,rrrrrGGGggrrrrrGGGgg
783.00,n1,0,2,rrrrrGGGggrrrrrGGGgg
784.00,n1,0,2,rrrrrGGGggrrrrrGGGgg
785.00,n1,0,2,rrrrrGGGggrrrrrGGGgg
786.00,n1,0,2,rrrrrGGGggrrrrrGGGgg
787.00,n1,0,2,rrrrrGGGggrrrrrGGGgg
788.00,n1,0,2,rrrrrGGGggrrrrrGGGgg
789.00,n1,0,2,rrrrrGGGggrrrrrGGGgg
790.00,n1,0,2,rrrrrGGGggrrrrrGGGgg
791.00,n1,0,2,rrrrrGGGggrrrrrGGGgg
792.00,n1,0,2,rrrrrGGGggrrrrrGGGgg
793.00,n1,0,2,rrrrrGGGggrrrrrGGGgg
794.00,n1,0,2,rrrrrGGGggrrrrrGGGgg
795.00,n1,0,2,rrrrrGGGggrrrrrGGGgg
796.00,n1,0,2,rrrrrGGGggrrrrrGGGgg
797.00,n1,0,2,rrrrrGGGggrrrrrGGGgg
798.00,n1,0,2,rrrrrGGGggrrrrrGGGgg
799.00,n1,0,2,rrrrrGGGggrrrrrGGGgg
800.00,n1,0,2,rrrrrGGGggrrrrrGGGgg
801.00,n1,0,2,rrrrrGGGggrrrrrGGGgg
802.00,n1,0,2,rrrrrGGGggrrrrrGGGgg
803.00,n1,0,2,rrrrrGGGggrrrrrGGGgg
804.00,n1,0,2,rrrrrGGGggrrrrrGGGgg
805.00,n1,0,2,rrrrrGGGggrrrrrGGGgg
806.00,n1,0,2,rrrrrGGGggrrrrrGGGgg
807.00,n1,0,3,rrrrryyyyyrrrrryyyyy
808.00,n1,0,3,rrrrryyyyyrrrrryyyyy
809.00,n1,0,3,rrrrryyyyyrrrrryyyyy
810.00,n1,0,0,GGGggrrrrrGGGggrrrrr
811.00,n1,0,0,GGGggrrrrrGGGggrrrrr
812.00,n1,0,0,GGGggrrrrrGGGggrrrrr
813.00,n1,0,0,GGGggrrrrrGGGggrrrrr
814.00,n1,0,0,GGGggrrrrrGGGggrrrrr
815.00,n1,0,0,GGGggrrrrrGGGggrrrrr
816.00,n1,0,0,GGGggrrrrrGGGggrrrrr
817.00,n1,0,0,GGGggrrrrrGGGggrrrrr
818.00,n1,0,0,GGGggrrrrrGGGggrrrrr
819.00,n1,0,0,GGGggrrrrrGGGggrrrrr
820.00,n1,0,0,GGGggrrrrrGGGggrrrrr
821.00,n1,0,0,GGGggrrrrrGGGggrrrrr
822.00,n1,0,0,GGGggrrrrrGGGggrrrrr
823.00,n1,0,0,GGGggrrrrrGGGggrrrrr
824.00,n1,0,0,GGGggrrrrrGGGggrrrrr
825.00,n1,0,0,GGGggrrrrrGGGggrrrrr
826.00,n1,0,0,GGGggrrrrrGGGggrrrrr
827.00,n1,0,0,GGGggrrrrrGGGggrrrrr
828.00,n1,0,0,GGGggrrrrrGGGggrrrrr
829.00,n1,0,0,GGGggrrrrrGGGggrrrrr
830.00,n1,0,0,GGGggrrrrrGGGggrrrrr
831.00,n1,0,0,GGGggrrrrrGGGggrrrrr
832.00,n1,0,0,GGGggrrrrrGGGggrrrrr
833.00,n1,0,0,GGGggrrrrrGGGggrrrrr
834.00,n1,0,0,GGGggrrrrrGGGggrrrrr
835.00,n1,0,0,GGGggrrrrrGGGggrrrrr
836.00,n1,0,0,GGGggrrrrrGGGggrrrrr
837.00,n1,0,0,GGGggrrrrrGGGggrrrrr
838.00,n1,0,0,GGGggrrrrrGGGggrrrrr
839.00,n1,0,0,GGGggrrrrrGGGggrrrrr
840.00,n1,0,0,GGGggrrrrrGGGggrrrrr
841.00,n1,0,0,GGGggrrrrrGGGggrrrrr
842.00,n1,0,0,GGGggrrrrrGGGggrrrrr
843.00,n1,0,0,GGGggrrrrrGGGggrrrrr
844.00,n1,0,0,GGGggrrrrrGGGggrrrrr
845.00,n1,0,0,GGGggrrrrrGGGggrrrrr
846.00,n1,0,0,GGGggrrrrrGGGggrrrrr
847.00,n1,0,0,GGGggrrrrrGGGggrrrrr
848.00,n1,0,0,GGGggrrrrrGGGggrrrrr
849.00,n1,0,0,GGGggrrrrrGGGggrrrrr
850.00,n1,0,0,GGGggrrrrrGGGggrrrrr
851.00,n1,0,0,GGGggrrrrrGGGggrrrrr
852.00,n1,0,1,yyyyyrrrrryyyyyrrrrr
853.00,n1,0,1,yyyyyrrrrryyyyyrrrrr
854.00,n1,0,1,yyyyyrrrrryyyyyrrrrr
855.00,n1,0,2,rrrrrGGGggrrrrrGGGgg
856.00,n1,0,2,rrrrrGGGggrrrrrGGGgg
857.00,n1,0,2,rrrrrGGGggrrrrrGGGgg
858.00,n1,0,2,rrrrrGGGggrrrrrGGGgg
859.00,n1,0,2,rrrrrGGGggrrrrrGGGgg
860.00,n1,0,2,rrrrrGGGggrrrrrGGGgg
861.00,n1,0,2,rrrrrGGGggrrrrrGGGgg
862.00,n1,0,2,rrrrrGGGggrrrrrGGGgg
863.00,n1,0,2,rrrrrGGGggrrrrrGGGgg
864.00,n1,0,2,rrrrrGGGggrrrrrGGGgg
865.00,n1,0,2,rrrrrGGGggrrrrrGGGgg
866.00,n1,0,2,rrrrrGGGggrrrrrGGGgg
867.00,n1,0,2,rrrrrGGGggrrrrrGGGgg
868.00,n1,0,2,rrrrrGGGggrrrrrGGGgg
869.00,n1,0,2,rrrrrGGGggrrrrrGGGgg
870.00,n1,0,2,rrrrrGGGggrrrrrGGGgg
871.00,n1,0,2,rrrrrGGGggrrrrrGGGgg
872.00,n1,0,2,rrrrrGGGggrrrrrGGGgg
873.00,n1,0,2,rrrrrGGGggrrrrrGGGgg
874.00,n1,0,2,rrrrrGGGggrrrrrGGGgg
875.00,n1,0,2,rrrrrGGGggrrrrrGGGgg
876.00,n1,0,2,rrrrrGGGggrrrrrGGGgg
877.00,n1,0,2,rrrrrGGGggrrrrrGGGgg
878.00,n1,0,2,rrrrrGGGggrrrrrGGGgg
879.00,n1,0,2,rrrrrGGGggrrrrrGGGgg
880.00,n1,0,2,rrrrrGGGggrrrrrGGGgg
881.00,n1,0,2,rrrrrGGGggrrrrrGGGgg
882.00,n1,0,2,rrrrrGGGggrrrrrGGGgg
883.00,n1,0,2,rrrrrGGGggrrrrrGGGgg
884.00,n1,0,2,rrrrrGGGggrrrrrGGGgg
885.00,n1,0,2,rrrrrGGGggrrrrrGGGgg
886.00,n1,0,2,rrrrrGGGggrrrrrGGGgg
887.00,n1,0,2,rrrrrGGGggrrrrrGGGgg
888.00,n1,0,2,rrrrrGGGggrrrrrGGGgg
889.00,n1,0,2,rrrrrGGGggrrrrrGGGgg
890.00,n1,0,2,rrrrrGGGggrrrrrGGGgg
891.00,n1,0,2,rrrrrGGGggrrrrrGGGgg
892.00,n1,0,2,rrrrrGGGggrrrrrGGGgg
893.00,n1,0,2,rrrrrGGGggrrrrrGGGgg
894.00,n1,0,2,rrrrrGGGggrrrrrGGGgg
895.00,n1,0,2,rrrrrGGGggrrrrrGGGgg
896.00,n1,0,2,rrrrrGGGggrrrrrGGGgg
897.00,n1,0,3,rrrrryyyyyrrrrryyyyy
898.00,n1,0,3,rrrrryyyyyrrrrryyyyy
899.00,n1,0,3,rrrrryyyyyrrrrryyyyy
900.00,n1,0,0,GGGggrrrrrGGGggrrrrr
901.00,n1,0,0,GGGggrrrrrGGGggrrrrr
902.00,n1,0,0,GGGggrrrrrGGGggrrrrr
903.00,n1,0,0,GGGggrrrrrGGGggrrrrr
904.00,n1,0,0,GGGggrrrrrGGGggrrrrr
905.00,n1,0,0,GGGggrrrrrGGGggrrrrr
906.00,n1,0,0,GGGggrrrrrGGGggrrrrr
907.00,n1,0,0,GGGggrrrrrGGGggrrrrr
908.00,n1,0,0,GGGggrrrrrGGGggrrrrr
909.00,n1,0,0,GGGggrrrrrGGGggrrrrr
910.00,n1,0,0,GGGggrrrrrGGGggrrrrr
911.00,n1,0,0,GGGggrrrrrGGGggrrrrr
912.00,n1,0,0,GGGggrrrrrGGGggrrrrr
913.00,n1,0,0,GGGggrrrrrGGGggrrrrr
914.00,n1,0,0,GGGggrrrrrGGGggrrrrr
915.00,n1,0,0,GGGggrrrrrGGGggrrrrr
916.00,n1,0,0,GGGggrrrrrGGGggrrrrr
917.00,n1,0,0,GGGggrrrrrGGGggrrrrr
918.00,n1,0,0,GGGggrrrrrGGGggrrrrr
919.00,n1,0,0,GGGggrrrrrGGGggrrrrr
920.00,n1,0,0,GGGggrrrrrGGGggrrrrr
921.00,n1,0,0,GGGggrrrrrGGGggrrrrr
922.00,n1,0,0,GGGggrrrrrGGGggrrrrr
923.00,n1,0,0,GGGggrrrrrGGGggrrrrr
924.00,n1,0,0,GGGggrrrrrGGGggrrrrr
925.00,n1,0,0,GGGggrrrrrGGGggrrrrr
926.00,n1,0,0,GGGggrrrrrGGGggrrrrr
927.00,n1,0,0,GGGggrrrrrGGGggrrrrr
928.00,n1,0,0,GGGggrrrrrGGGggrrrrr
929.00,n1,0,0,GGGggrrrrrGGGggrrrrr
930.00,n1,0,0,GGGggrrrrrGGGggrrrrr
931.00,n1,0,0,GGGggrrrrrGGGggrrrrr
932.00,n1,0,0,GGGggrrrrrGGGggrrrrr
933.00,n1,0,0,GGGggrrrrrGGGggrrrrr
934.00,n1,0,0,GGGggrrrrrGGGggrrrrr
935.00,n1,0,0,GGGggrrrrrGGGggrrrrr
936.00,n1,0,0,GGGggrrrrrGGGggrrrrr
937.00,n1,0,0,GGGggrrrrrGGGggrrrrr
938.00,n1,0,0,GGGggrrrrrGGGggrrrrr
939.00,n1,0,0,GGGggrrrrrGGGggrrrrr
940.00,n1,0,0,GGGggrrrrrGGGggrrrrr
941.00,n1,0,0,GGGggrrrrrGGGggrrrrr
942.00,n1,0,1,yyyyyrrrrryyyyyrrrrr
943.00,n1,0,1,yyyyyrrrrryyyyyrrrrr
944.00,n1,0,1,yyyyyrrrrryyyyyrrrrr
945.00,n1,0,2,rrrrrGGGggrrrrrGGGgg
946.00,n1,0,2,rrrrrGGGggrrrrrGGGgg
947.00,n1,0,2,rrrrrGGGggrrrrrGGGgg
948.00,n1,0,2,rrrrrGGGggrrrrrGGGgg
949.00,n1,0,2,rrrrrGGGggrrrrrGGGgg
950.00,n1,0,2,rrrrrGGGggrrrrrGGGgg
951.00,n1,0,2,rrrrrGGGggrrrrrGGGgg
952.00,n1,0,2,rrrrrGGGggrrrrrGGGgg
953.00,n1,0,2,rrrrrGGGggrrrrrGGGgg
954.00,n1,0,2,rrrrrGGGggrrrrrGGGgg
955.00,n1,0,2,rrrrrGGGggrrrrrGGGgg
956.00,n1,0,2,rrrrrGGGggrrrrrGGGgg
957.00,n1,0,2,rrrrrGGGggrrrrrGGGgg
958.00,n1,0,2,rrrrrGGGggrrrrrGGGgg
959.00,n1,0,2,rrrrrGGGggrrrrrGGGgg
960.00,n1,0,2,rrrrrGGGggrrrrrGGGgg
961.00,n1,0,2,rrrrrGGGggrrrrrGGGgg
962.00,n1,0,2,rrrrrGGGggrrrrrGGGgg
963.00,n1,0,2,rrrrrGGGggrrrrrGGGgg
964.00,n1,0,2,rrrrrGGGggrrrrrGGGgg
965.00,n1,0,2,rrrrrGGGggrrrrrGGGgg
966.00,n1,0,2,rrrrrGGGggrrrrrGGGgg
967.00,n1,0,2,rrrrrGGGggrrrrrGGGgg
968.00,n1,0,2,rrrrrGGGggrrrrrGGGgg
969.00,n1,0,2,rrrrrGGGggrrrrrGGGgg
970.00,n1,0,2,rrrrrGGGggrrrrrGGGgg
971.00,n1,0,2,rrrrrGGGggrrrrrGGGgg
972.00,n1,0,2,rrrrrGGGggrrrrrGGGgg
973.00,n1,0,2,rrrrrGGGggrrrrrGGGgg
974.00,n1,0,2,rrrrrGGGggrrrrrGGGgg
975.00,n1,0,2,rrrrrGGGggrrrrrGGGgg
976.00,n1,0,2,rrrrrGGGggrrrrrGGGgg
977.00,n1,0,2,rrrrrGGGggrrrrrGGGgg
978.00,n1,0,2,rrrrrGGGggrrrrrGGGgg
979.00,n1,0,2,rrrrrGGGggrrrrrGGGgg
980.00,n1,0,2,rrrrrGGGggrrrrrGGGgg
981.00,n1,0,2,rrrrrGGGggrrrrrGGGgg
982.00,n1,0,2,rrrrrGGGggrrrrrGGGgg
983.00,n1,0,2,rrrrrGGGggrrrrrGGGgg
984.00,n1,0,2,rrrrrGGGggrrrrrGGGgg
985.00,n1,0,2,rrrrrGGGggrrrrrGGGgg
986.00,n1,0,2,rrrrrGGGggrrrrrGGGgg
987.00,n1,0,3,rrrrryyyyyrrrrryyyyy
988.00,n1,0,3,rrrrryyyyyrrrrryyyyy
989.00,n1,0,3,rrrrryyyyyrrrrryyyyy
990.00,n1,0,0,GGGggrrrrrGGGggrrrrr
991.00,n1,0,0,GGGggrrrrrGGGggrrrrr
992.00,n1,0,0,GGGggrrrrrGGGggrrrrr
993.00,n1,0,0,GGGggrrrrrGGGggrrrrr
994.00,n1,0,0,GGGggrrrrrGGGggrrrrr
995.00,n1,0,0,GGGggrrrrrGGGggrrrrr
996.00,n1,0,0,GGGggrrrrrGGGggrrrrr
997.00,n1,0,0,GGGggrrrrrGGGggrrrrr
998.00,n1,0,0,GGGggrrrrrGGGggrrrrr
999.00,n1,0,0,GGGggrrrrrGGGggrrrrr
1000.00,n1,0,0,GGGggrrrrrGGGggrrrrr
1001.00,n1,0,0,GGGggrrrrrGGGggrrrrr
1002.00,n1,0,0,GGGggrrrrrGGGggrrrrr
1003.00,n1,0,0,GGGggrrrrrGGGggrrrrr
1004.00,n1,0,0,GGGggrrrrrGGGggrrrrr
1005.00,n1,0,0,GGGggrrrrrGGGggrrrrr
1006.00,n1,0,0,GGGggrrrrrGGGggrrrrr
1007.00,n1,0,0,GGGggrrrrrGGGggrrrrr
1008.00,n1,0,0,GGGggrrrrrGGGggrrrrr
1009.00,n1,0,0,GGGggrrrrrGGGggrrrrr
1010.00,n1,0,0,GGGggrrrrrGGGggrrrrr
1011.00,n1,0,0,GGGggrrrrrGGGggrrrrr
1012.00,n1,0,0,GGGggrrrrrGGGggrrrrr
1013.00,n1,0,0,GGGggrrrrrGGGggrrrrr
1014.00,n1,0,0,GGGggrrrrrGGGggrrrrr
1015.00,n1,0,0,GGGggrrrrrGGGggrrrrr
1016.00,n1,0,0,GGGggrrrrrGGGggrrrrr
1017.00,n1,0,0,GGGggrrrrrGGGggrrrrr
1018.00,n1,0,0,GGGggrrrrrGGGggrrrrr
1019.00,n1,0,0,GGGggrrrrrGGGggrrrrr
1020.00,n1,0,0,GGGggrrrrrGGGggrrrrr
1021.00,n1,0,0,GGGggrrrrrGGGggrrrrr
1022.00,n1,0,0,GGGggrrrrrGGGggrrrrr
1023.00,n1,0,0,GGGggrrrrrGGGggrrrrr
1024.00,n1,0,0,GGGggrrrrrGGGggrrrrr
1025.00,n1,0,0,GGGggrrrrrGGGggrrrrr
1026.00,n1,0,0,GGGggrrrrrGGGggrrrrr
1027.00,n1,0,0,GGGggrrrrrGGGggrrrrr
1028.00,n1,0,0,GGGggrrrrrGGGggrrrrr
1029.00,n1,0,0,GGGggrrrrrGGGggrrrrr
1030.00,n1,0,0,GGGggrrrrrGGGggrrrrr
1031.00,n1,0,0,GGGggrrrrrGGGggrrrrr
1032.00,n1,0,1,yyyyyrrrrryyyyyrrrrr
1033.00,n1,0,1,yyyyyrrrrryyyyyrrrrr
1034.00,n1,0,1,yyyyyrrrrryyyyyrrrrr
1035.00,n1,0,2,rrrrrGGGggrrrrrGGGgg
1036.00,n1,0,2,rrrrrGGGggrrrrrGGGgg
1037.00,n1,0,2,rrrrrGGGggrrrrrGGGgg
1038.00,n1,0,2,rrrrrGGGggrrrrrGGGgg
1039.00,n1,0,2,rrrrrGGGggrrrrrGGGgg
1040.00,n1,0,2,rrrrrGGGggrrrrrGGGgg
1041.00,n1,0,2,rrrrrGGGggrrrrrGGGgg
1042.00,n1,0,2,rrrrrGGGggrrrrrGGGgg
1043.00,n1,0,2,rrrrrGGGggrrrrrGGGgg
1044.00,n1,0,2,rrrrrGGGggrrrrrGGGgg
1045.00,n1,0,2,rrrrrGGGggrrrrrGGGgg
1046.00,n1,0,2,rrrrrGGGggrrrrrGGGgg
1047.00,n1,0,2,rrrrrGGGggrrrrrGGGgg
1048.00,n1,0,2,rrrrrGGGggrrrrrGGGgg
1049.00,n1,0,2,rrrrrGGGggrrrrrGGGgg
1050.00,n1,0,2,rrrrrGGGggrrrrrGGGgg
1051.00,n1,0,2,rrrrrGGGggrrrrrGGGgg
1052.00,n1,0,2,rrrrrGGGggrrrrrGGGgg
1053.00,n1,0,2,rrrrrGGGggrrrrrGGGgg
1054.00,n1,0,2,rrrrrGGGggrrrrrGGGgg
1055.00,n1,0,2,rrrrrGGGggrrrrrGGGgg
1056.00,n1,0,2,rrrrrGGGggrrrrrGGGgg
1057.00,n1,0,2,rrrrrGGGggrrrrrGGGgg
1058.00,n1,0,2,rrrrrGGGggrrrrrGGGgg
1059.00,n1,0,2,rrrrrGGGggrrrrrGGGgg
1060.00,n1,0,2,rrrrrGGGggrrrrrGGGgg
1061.00,n1,0,2,rrrrrGGGggrrrrrGGGgg
1062.00,n1,0,2,rrrrrGGGggrrrrrGGGgg
1063.00,n1,0,2,rrrrrGGGggrrrrrGGGgg
1064.00,n1,0,2,rrrrrGGGggrrrrrGGGgg
1065.00,n1,0,2,rrrrrGGGggrrrrrGGGgg
1066.00,n1,0,2,rrrrrGGGggrrrrrGGGgg
1067.00,n1,0,2,rrrrrGGGggrrrrrGGGgg
1068.00,n1,0,2,rrrrrGGGggrrrrrGGGgg
1069.00,n1,0,2,rrrrrGGGggrrrrrGGGgg
1070.00,n1,0,2,rrrrrGGGggrrrrrGGGgg
1071.00,n1,0,2,rrrrrGGGggrrrrrGGGgg
1072.00,n1,0,2,rrrrrGGGggrrrrrGGGgg
1073.00,n1,0,2,rrrrrGGGggrrrrrGGGgg
1074.00,n1,0,2,rrrrrGGGggrrrrrGGGgg
1075.00,n1,0,2,rrrrrGGGggrrrrrGGGgg
1076.00,n1,0,2,rrrrrGGGggrrrrrGGGgg
1077.00,n1,0,3,rrrrryyyyyrrrrryyyyy
1078.00,n1,0,3,rrrrryyyyyrrrrryyyyy
1079.00,n1,0,3,rrrrryyyyyrrrrryyyyy
1080.00,n1,0,0,GGGggrrrrrGGGggrrrrr
1081.00,n1,0,0,GGGggrrrrrGGGggrrrrr
1082.00,n1,0,0,GGGggrrrrrGGGggrrrrr
1083.00,n1,0,0,GGGggrrrrrGGGggrrrrr
1084.00,n1,0,0,GGGggrrrrrGGGggrrrrr
1085.00,n1,0,0,GGGggrrrrrGGGggrrrrr
1086.00,n1,0,0,GGGggrrrrrGGGggrrrrr
1087.00,n1,0,0,GGGggrrrrrGGGggrrrrr
1088.00,n1,0,0,GGGggrrrrrGGGggrrrrr
1089.00,n1,0,0,GGGggrrrrrGGGggrrrrr
1090.00,n1,0,0,GGGggrrrrrGGGggrrrrr
1091.00,n1,0,0,GGGggrrrrrGGGggrrrrr
1092.00,n1,0,0,GGGggrrrrrGGGggrrrrr
1093.00,n1,0,0,GGGggrrrrrGGGggrrrrr
1094.00,n1,0,0,GGGggrrrrrGGGggrrrrr
1095.00,n1,0,0,GGGggrrrrrGGGggrrrrr
1096.00,n1,0,0,GGGggrrrrrGGGggrrrrr
1097.00,n1,0,0,GGGggrrrrrGGGggrrrrr
1098.00,n1,0,0,GGGggrrrrrGGGggrrrrr
1099.00,n1,0,0,GGGggrrrrrGGGggrrrrr
1100.00,n1,0,0,GGGggrrrrrGGGggrrrrr
1101.00,n1,0,0,GGGggrrrrrGGGggrrrrr
1102.00,n1,0,0,GGGggrrrrrGGGggrrrrr
1103.00,n1,0,0,GGGggrrrrrGGGggrrrrr
1104.00,n1,0,0,GGGggrrrrrGGGggrrrrr
1105.00,n1,0,0,GGGggrrrrrGGGggrrrrr
1106.00,n1,0,0,GGGggrrrrrGGGggrrrrr
1107.00,n1,0,0,GGGggrrrrrGGGggrrrrr
1108.00,n1,0,0,GGGggrrrrrGGGggrrrrr
1109.00,n1,0,0,GGGggrrrrrGGGggrrrrr
1110.00,n1,0,0,GGGggrrrrrGGGggrrrrr
1111.00,n1,0,0,GGGggrrrrrGGGggrrrrr
1112.00,n1,0,0,GGGggrrrrrGGGggrrrrr
1113.00,n1,0,0,GGGggrrrrrGGGggrrrrr
1114.00,n1,0,0,GGGggrrrrrGGGggrrrrr
1115.00,n1,0,0,GGGggrrrrrGGGggrrrrr
1116.00,n1,0,0,GGGggrrrrrGGGggrrrrr
1117.00,n1,0,0,GGGggrrrrrGGGggrrrrr
1118.00,n1,0,0,GGGggrrrrrGGGggrrrrr
1119.00,n1,0,0,GGGggrrrrrGGGggrrrrr
1120.00,n1,0,0,GGGggrrrrrGGGggrrrrr
1121.00,n1,0,0,GGGggrrrrrGGGggrrrrr
1122.00,n1,0,1,yyyyyrrrrryyyyyrrrrr
1123.00,n1,0,1,yyyyyrrrrryyyyyrrrrr
1124.00,n1,0,1,yyyyyrrrrryyyyyrrrrr
1125.00,n1,0,2,rrrrrGGGggrrrrrGGGgg
1126.00,n1,0,2,rrrrrGGGggrrrrrGGGgg
1127.00,n1,0,2,rrrrrGGGggrrrrrGGGgg
1128.00,n1,0,2,rrrrrGGGggrrrrrGGGgg
1129.00,n1,0,2,rrrrrGGGggrrrrrGGGgg
1130.00,n1,0,2,rrrrrGGGggrrrrrGGGgg
1131.00,n1,0,2,rrrrrGGGggrrrrrGGGgg
1132.00,n1,0,2,rrrrrGGGggrrrrrGGGgg
1133.00,n1,0,2,rrrrrGGGggrrrrrGGGgg
1134.00,n1,0,2,rrrrrGGGggrrrrrGGGgg
1135.00,n1,0,2,rrrrrGGGggrrrrrGGGgg
1136.00,n1,0,2,rrrrrGGGggrrrrrGGGgg
1137.00,n1,0,2,rrrrrGGGggrrrrrGGGgg
1138.00,n1,0,2,rrrrrGGGggrrrrrGGGgg
1139.00,n1,0,2,rrrrrGGGggrrrrrGGGgg
1140.00,n1,0,2,rrrrrGGGggrrrrrGGGgg
1141.00,n1,0,2,rrrrrGGGggrrrrrGGGgg
1142.00,n1,0,2,rrrrrGGGggrrrrrGGGgg
1143.00,n1,0,2,rrrrrGGGggrrrrrGGGgg
1144.00,n1,0,2,rrrrrGGGggrrrrrGGGgg
1145.00,n1,0,2,rrrrrGGGggrrrrrGGGgg
1146.00,n1,0,2,rrrrrGGGggrrrrrGGGgg
1147.00,n1,0,2,rrrrrGGGggrrrrrGGGgg
1148.00,n1,0,2,rrrrrGGGggrrrrrGGGgg
1149.00,n1,0,2,rrrrrGGGggrrrrrGGGgg
1150.00,n1,0,2,rrrrrGGGggrrrrrGGGgg
1151.00,n1,0,2,rrrrrGGGggrrrrrGGGgg
1152.00,n1,0,2,rrrrrGGGggrrrrrGGGgg
1153.00,n1,0,2,rrrrrGGGggrrrrrGGGgg
1154.00,n1,0,2,rrrrrGGGggrrrrrGGGgg
1155.00,n1,0,2,rrrrrGGGggrrrrrGGGgg
1156.00,n1,0,2,rrrrrGGGggrrrrrGGGgg
1157.00,n1,0,2,rrrrrGGGggrrrrrGGGgg
1158.00,n1,0,2,rrrrrGGGggrrrrrGGGgg
1159.00,n1,0,2,rrrrrGGGggrrrrrGGGgg
1160.00,n1,0,2,rrrrrGGGggrrrrrGGGgg
1161.00,n1,0,2,rrrrrGGGggrrrrrGGGgg
1162.00,n1,0,2,rrrrrGGGggrrrrrGGGgg
1163.00,n1,0,2,rrrrrGGGggrrrrrGGGgg
1164.00,n1,0,2,rrrrrGGGggrrrrrGGGgg
1165.00,n1,0,2,rrrrrGGGggrrrrrGGGgg
1166.00,n1,0,2,rrrrrGGGggrrrrrGGGgg
1167.00,n1,0,3,rrrrryyyyyrrrrryyyyy
1168.00,n1,0,3,rrrrryyyyyrrrrryyyyy
1169.00,n1,0,3,rrrrryyyyyrrrrryyyyy
1170.00,n1,0,0,GGGggrrrrrGGGggrrrrr
1171.00,n1,0,0,GGGggrrrrrGGGggrrrrr
1172.00,n1,0,0,GGGggrrrrrGGGggrrrrr
1173.00,n1,0,0,GGGggrrrrrGGGggrrrrr
1174.00,n1,0,0,GGGggrrrrrGGGggrrrrr
1175.00,n1,0,0,GGGggrrrrrGGGggrrrrr
1176.00,n1,0,0,GGGggrrrrrGGGggrrrrr
1177.00,n1,0,0,GGGggrrrrrGGGggrrrrr
1178.00,n1,0,0,GGGggrrrrrGGGggrrrrr
1179.00,n1,0,0,GGGggrrrrrGGGggrrrrr
1180.00,n1,0,0,GGGggrrrrrGGGggrrrrr
1181.00,n1,0,0,GGGggrrrrrGGGggrrrrr
1182.00,n1,0,0,GGGggrrrrrGGGggrrrrr
1183.00,n1,0,0,GGGggrrrrrGGGggrrrrr
1184.00,n1,0,0,GGGggrrrrrGGGggrrrrr
1185.00,n1,0,0,GGGggrrrrrGGGggrrrrr
1186.00,n1,0,0,GGGggrrrrrGGGggrrrrr
1187.00,n1,0,0,GGGggrrrrrGGGggrrrrr
1188.00,n1,0,0,GGGggrrrrrGGGggrrrrr
1189.00,n1,0,0,GGGggrrrrrGGGggrrrrr
1190.00,n1,0,0,GGGggrrrrrGGGggrrrrr
1191.00,n1,0,0,GGGggrrrrrGGGggrrrrr
1192.00,n1,0,0,GGGggrrrrrGGGggrrrrr
1193.00,n1,0,0,GGGggrrrrrGGGggrrrrr
1194.00,n1,0,0,GGGggrrrrrGGGggrrrrr
1195.00,n1,0,0,GGGggrrrrrGGGggrrrrr
1196.00,n1,0,0,GGGggrrrrrGGGggrrrrr
1197.00,n1,0,0,GGGggrrrrrGGGggrrrrr
1198.00,n1,0,0,GGGggrrrrrGGGggrrrrr
1199.00,n1,0,0,GGGggrrrrrGGGggrrrrr
1200.00,n1,0,0,GGGggrrrrrGGGggrrrrr
1201.00,n1,0,0,GGGggrrrrrGGGggrrrrr
1202.00,n1,0,0,GGGggrrrrrGGGggrrrrr
1203.00,n1,0,0,GGGggrrrrrGGGggrrrrr
1204.00,n1,0,0,GGGggrrrrrGGGggrrrrr
1205.00,n1,0,0,GGGggrrrrrGGGggrrrrr
1206.00,n1,0,0,GGGggrrrrrGGGggrrrrr
1207.00,n1,0,0,GGGggrrrrrGGGggrrrrr
1208.00,n1,0,0,GGGggrrrrrGGGggrrrrr
1209.00,n1,0,0,GGGggrrrrrGGGggrrrrr
1210.00,n1,0,0,GGGggrrrrrGGGggrrrrr
1211.00,n1,0,0,GGGggrrrrrGGGggrrrrr
1212.00,n1,0,1,yyyyyrrrrryyyyyrrrrr
1213.00,n1,0,1,yyyyyrrrrryyyyyrrrrr
1214.00,n1,0,1,yyyyyrrrrryyyyyrrrrr
1215.00,n1,0,2,rrrrrGGGggrrrrrGGGgg
1216.00,n1,0,2,rrrrrGGGggrrrrrGGGgg
1217.00,n1,0,2,rrrrrGGGggrrrrrGGGgg
1218.00,n1,0,2,rrrrrGGGggrrrrrGGGgg
1219.00,n1,0,2,rrrrrGGGggrrrrrGGGgg
1220.00,n1,0,2,rrrrrGGGggrrrrrGGGgg
1221.00,n1,0,2,rrrrrGGGggrrrrrGGGgg
1222.00,n1,0,2,rrrrrGGGggrrrrrGGGgg
1223.00,n1,0,2,rrrrrGGGggrrrrrGGGgg
1224.00,n1,0,2,rrrrrGGGggrrrrrGGGgg
1225.00,n1,0,2,rrrrrGGGggrrrrrGGGgg
1226.00,n1,0,2,rrrrrGGGggrrrrrGGGgg
1227.00,n1,0,2,rrrrrGGGggrrrrrGGGgg
1228.00,n1,0,2,rrrrrGGGggrrrrrGGGgg
1229.00,n1,0,2,rrrrrGGGggrrrrrGGGgg
1230.00,n1,0,2,rrrrrGGGggrrrrrGGGgg
1231.00,n1,0,2,rrrrrGGGggrrrrrGGGgg
1232.00,n1,0,2,rrrrrGGGggrrrrrGGGgg
1233.00,n1,0,2,rrrrrGGGggrrrrrGGGgg
1234.00,n1,0,2,rrrrrGGGggrrrrrGGGgg
1235.00,n1,0,2,rrrrrGGGggrrrrrGGGgg
1236.00,n1,0,2,rrrrrGGGggrrrrrGGGgg
1237.00,n1,0,2,rrrrrGGGggrrrrrGGGgg
1238.00,n1,0,2,rrrrrGGGggrrrrrGGGgg
1239.00,n1,0,2,rrrrrGGGggrrrrrGGGgg
1240.00,n1,0,2,rrrrrGGGggrrrrrGGGgg
1241.00,n1,0,2,rrrrrGGGggrrrrrGGGgg
1242.00,n1,0,2,rrrrrGGGggrrrrrGGGgg
1243.00,n1,0,2,rrrrrGGGggrrrrrGGGgg
1244.00,n1,0,2,rrrrrGGGggrrrrrGGGgg
1245.00,n1,0,2,rrrrrGGGggrrrrrGGGgg
1246.00,n1,0,2,rrrrrGGGggrrrrrGGGgg
1247.00,n1,0,2,rrrrrGGGggrrrrrGGGgg
1248.00,n1,0,2,rrrrrGGGggrrrrrGGGgg
1249.00,n1,0,2,rrrrrGGGggrrrrrGGGgg
1250.00,n1,0,2,rrrrrGGGggrrrrrGGGgg
1251.00,n1,0,2,rrrrrGGGggrrrrrGGGgg
1252.00,n1,0,2,rrrrrGGGggrrrrrGGGgg
1253.00,n1,0,2,rrrrrGGGggrrrrrGGGgg
1254.00,n1,0,2,rrrrrGGGggrrrrrGGGgg
1255.00,n1,0,2,rrrrrGGGggrrrrrGGGgg
1256.00,n1,0,2,rrrrrGGGggrrrrrGGGgg
1257.00,n1,0,3,rrrrryyyyyrrrrryyyyy
1258.00,n1,0,3,rrrrryyyyyrrrrryyyyy
1259.00,n1,0,3,rrrrryyyyyrrrrryyyyy
1260.00,n1,0,0,GGGggrrrrrGGGggrrrrr
1261.00,n1,0,0,GGGggrrrrrGGGggrrrrr
1262.00,n1,0,0,GGGggrrrrrGGGggrrrrr
1263.00,n1,0,0,GGGggrrrrrGGGggrrrrr
1264.00,n1,0,0,GGGggrrrrrGGGggrrrrr
1265.00,n1,0,0,GGGggrrrrrGGGggrrrrr
1266.00,n1,0,0,GGGggrrrrrGGGggrrrrr
1267.00,n1,0,0,GGGggrrrrrGGGggrrrrr
1268.00,n1,0,0,GGGggrrrrrGGGggrrrrr
1269.00,n1,0,0,GGGggrrrrrGGGggrrrrr
1270.00,n1,0,0,GGGggrrrrrGGGggrrrrr
1271.00,n1,0,0,GGGggrrrrrGGGggrrrrr
1272.00,n1,0,0,GGGggrrrrrGGGggrrrrr
1273.00,n1,0,0,GGGggrrrrrGGGggrrrrr
1274.00,n1,0,0,GGGggrrrrrGGGggrrrrr
1275.00,n1,0,0,GGGggrrrrrGGGggrrrrr
1276.00,n1,0,0,GGGggrrrrrGGGggrrrrr
1277.00,n1,0,0,GGGggrrrrrGGGggrrrrr
1278.00,n1,0,0,GGGggrrrrrGGGggrrrrr
1279.00,n1,0,0,GGGggrrrrrGGGggrrrrr
1280.00,n1,0,0,GGGggrrrrrGGGggrrrrr
1281.00,n1,0,0,GGGggrrrrrGGGggrrrrr
1282.00,n1,0,0,GGGggrrrrrGGGggrrrrr
1283.00,n1,0,0,GGGggrrrrrGGGggrrrrr
1284.00,n1,0,0,GGGggrrrrrGGGggrrrrr
1285.00,n1,0,0,GGGggrrrrrGGGggrrrrr
1286.00,n1,0,0,GGGggrrrrrGGGggrrrrr
1287.00,n1,0,0,GGGggrrrrrGGGggrrrrr
1288.00,n1,0,0,GGGggrrrrrGGGggrrrrr
1289.00,n1,0,0,GGGggrrrrrGGGggrrrrr
1290.00,n1,0,0,GGGggrrrrrGGGggrrrrr
1291.00,n1,0,0,GGGggrrrrrGGGggrrrrr
1292.00,n1,0,0,GGGggrrrrrGGGggrrrrr
1293.00,n1,0,0,GGGggrrrrrGGGggrrrrr
1294.00,n1,0,0,GGGggrrrrrGGGggrrrrr
1295.00,n1,0,0,GGGggrrrrrGGGggrrrrr
1296.00,n1,0,0,GGGggrrrrrGGGggrrrrr
1297.00,n1,0,0,GGGggrrrrrGGGggrrrrr
1298.00,n1,0,0,GGGggrrrrrGGGggrrrrr
1299.00,n1,0,0,GGGggrrrrrGGGggrrrrr
1300.00,n1,0,0,GGGggrrrrrGGGggrrrrr
1301.00,n1,0,0,GGGggrrrrrGGGggrrrrr
1302.00,n1,0,1,yyyyyrrrrryyyyyrrrrr
1303.00,n1,0,1,yyyyyrrrrryyyyyrrrrr
1304.00,n1,0,1,yyyyyrrrrryyyyyrrrrr
1305.00,n1,0,2,rrrrrGGGggrrrrrGGGgg
1306.00,n1,0,2,rrrrrGGGggrrrrrGGGgg
1307.00,n1,0,2,rrrrrGGGggrrrrrGGGgg
1308.00,n1,0,2,rrrrrGGGggrrrrrGGGgg
1309.00,n1,0,2,rrrrrGGGggrrrrrGGGgg
1310.00,n1,0,2,rrrrrGGGggrrrrrGGGgg
1311.00,n1,0,2,rrrrrGGGggrrrrrGGGgg
1312.00,n1,0,2,rrrrrGGGggrrrrrGGGgg
1313.00,n1,0,2,rrrrrGGGggrrrrrGGGgg
1314.00,n1,0,2,rrrrrGGGggrrrrrGGGgg
1315.00,n1,0,2,rrrrrGGGggrrrrrGGGgg
1316.00,n1,0,2,rrrrrGGGggrrrrrGGGgg
1317.00,n1,0,2,rrrrrGGGggrrrrrGGGgg
1318.00,n1,0,2,rrrrrGGGggrrrrrGGGgg
1319.00,n1,0,2,rrrrrGGGggrrrrrGGGgg
1320.00,n1,0,2,rrrrrGGGggrrrrrGGGgg
1321.00,n1,0,2,rrrrrGGGggrrrrrGGGgg
1322.00,n1,0,2,rrrrrGGGggrrrrrGGGgg
1323.00,n1,0,2,rrrrrGGGggrrrrrGGGgg
1324.00,n1,0,2,rrrrrGGGggrrrrrGGGgg
1325.00,n1,0,2,rrrrrGGGggrrrrrGGGgg
1326.00,n1,0,2,rrrrrGGGggrrrrrGGGgg
1327.00,n1,0,2,rrrrrGGGggrrrrrGGGgg
1328.00,n1,0,2,rrrrrGGGggrrrrrGGGgg
1329.00,n1,0,2,rrrrrGGGggrrrrrGGGgg
1330.00,n1,0,2,rrrrrGGGggrrrrrGGGgg
1331.00,n1,0,2,rrrrrGGGggrrrrrGGGgg
1332.00,n1,0,2,rrrrrGGGggrrrrrGGGgg
1333.00,n1,0,2,rrrrrGGGggrrrrrGGGgg
1334.00,n1,0,2,rrrrrGGGggrrrrrGGGgg
1335.00,n1,0,2,rrrrrGGGggrrrrrGGGgg
1336.00,n1,0,2,rrrrrGGGggrrrrrGGGgg
1337.00,n1,0,2,rrrrrGGGggrrrrrGGGgg
1338.00,n1,0,2,rrrrrGGGggrrrrrGGGgg
1339.00,n1,0,2,rrrrrGGGggrrrrrGGGgg
1340.00,n1,0,2,rrrrrGGGggrrrrrGGGgg
1341.00,n1,0,2,rrrrrGGGggrrrrrGGGgg
1342.00,n1,0,2,rrrrrGGGggrrrrrGGGgg
1343.00,n1,0,2,rrrrrGGGggrrrrrGGGgg
1344.00,n1,0,2,rrrrrGGGggrrrrrGGGgg
1345.00,n1,0,2,rrrrrGGGggrrrrrGGGgg
1346.00,n1,0,2,rrrrrGGGggrrrrrGGGgg
1347.00,n1,0,3,rrrrryyyyyrrrrryyyyy
1348.00,n1,0,3,rrrrryyyyyrrrrryyyyy
1349.00,n1,0,3,rrrrryyyyyrrrrryyyyy
1350.00,n1,0,0,GGGggrrrrrGGGggrrrrr
1351.00,n1,0,0,GGGggrrrrrGGGggrrrrr
1352.00,n1,0,0,GGGggrrrrrGGGggrrrrr
1353.00,n1,0,0,GGGggrrrrrGGGggrrrrr
1354.00,n1,0,0,GGGggrrrrrGGGggrrrrr
1355.00,n1,0,0,GGGggrrrrrGGGggrrrrr
1356.00,n1,0,0,GGGggrrrrrGGGggrrrrr
1357.00,n1,0,0,GGGggrrrrrGGGggrrrrr
1358.00,n1,0,0,GGGggrrrrrGGGggrrrrr
1359.00,n1,0,0,GGGggrrrrrGGGggrrrrr
1360.00,n1,0,0,GGGggrrrrrGGGggrrrrr
1361.00,n1,0,0,GGGggrrrrrGGGggrrrrr
1362.00,n1,0,0,GGGggrrrrrGGGggrrrrr
1363.00,n1,0,0,GGGggrrrrrGGGggrrrrr
1364.00,n1,0,0,GGGggrrrrrGGGggrrrrr
1365.00,n1,0,0,GGGggrrrrrGGGggrrrrr
1366.00,n1,0,0,GGGggrrrrrGGGggrrrrr
1367.00,n1,0,0,GGGggrrrrrGGGggrrrrr
1368.00,n1,0,0,GGGggrrrrrGGGggrrrrr
1369.00,n1,0,0,GGGggrrrrrGGGggrrrrr
1370.00,n1,0,0,GGGggrrrrrGGGggrrrrr
1371.00,n1,0,0,GGGggrrrrrGGGggrrrrr
1372.00,n1,0,0,GGGggrrrrrGGGggrrrrr
1373.00,n1,0,0,GGGggrrrrrGGGggrrrrr
1374.00,n1,0,0,GGGggrrrrrGGGggrrrrr
1375.00,n1,0,0,GGGggrrrrrGGGggrrrrr
1376.00,n1,0,0,GGGggrrrrrGGGggrrrrr
1377.00,n1,0,0,GGGggrrrrrGGGggrrrrr
1378.00,n1,0,0,GGGggrrrrrGGGggrrrrr
1379.00,n1,0,0,GGGggrrrrrGGGggrrrrr
1380.00,n1,0,0,GGGggrrrrrGGGggrrrrr
1381.00,n1,0,0,GGGggrrrrrGGGggrrrrr
1382.00,n1,0,0,GGGggrrrrrGGGggrrrrr
1383.00,n1,0,0,GGGggrrrrrGGGggrrrrr
1384.00,n1,0,0,GGGggrrrrrGGGggrrrrr
1385.00,n1,0,0,GGGggrrrrrGGGggrrrrr
1386.00,n1,0,0,GGGggrrrrrGGGggrrrrr
1387.00,n1,0,0,GGGggrrrrrGGGggrrrrr
1388.00,n1,0,0,GGGggrrrrrGGGggrrrrr
1389.00,n1,0,0,GGGggrrrrrGGGggrrrrr
1390.00,n1,0,0,GGGggrrrrrGGGggrrrrr
1391.00,n1,0,0,GGGggrrrrrGGGggrrrrr
1392.00,n1,0,1,yyyyyrrrrryyyyyrrrrr
1393.00,n1,0,1,yyyyyrrrrryyyyyrrrrr
1394.00,n1,0,1,yyyyyrrrrryyyyyrrrrr
1395.00,n1,0,2,rrrrrGGGggrrrrrGGGgg
1396.00,n1,0,2,rrrrrGGGggrrrrrGGGgg
1397.00,n1,0,2,rrrrrGGGggrrrrrGGGgg
1398.00,n1,0,2,rrrrrGGGggrrrrrGGGgg
1399.00,n1,0,2,rrrrrGGGggrrrrrGGGgg
1400.00,n1,0,2,rrrrrGGGggrrrrrGGGgg
1401.00,n1,0,2,rrrrrGGGggrrrrrGGGgg
1402.00,n1,0,2,rrrrrGGGggrrrrrGGGgg
1403.00,n1,0,2,rrrrrGGGggrrrrrGGGgg
1404.00,n1,0,2,rrrrrGGGggrrrrrGGGgg
1405.00,n1,0,2,rrrrrGGGggrrrrrGGGgg
1406.00,n1,0,2,rrrrrGGGggrrrrrGGGgg
1407.00,n1,0,2,rrrrrGGGggrrrrrGGGgg
1408.00,n1,0,2,rrrrrGGGggrrrrrGGGgg
1409.00,n1,0,2,rrrrrGGGggrrrrrGGGgg
1410.00,n1,0,2,rrrrrGGGggrrrrrGGGgg
1411.00,n1,0,2,rrrrrGGGggrrrrrGGGgg
1412.00,n1,0,2,rrrrrGGGggrrrrrGGGgg
1413.00,n1,0,2,rrrrrGGGggrrrrrGGGgg
1414.00,n1,0,2,rrrrrGGGggrrrrrGGGgg
1415.00,n1,0,2,rrrrrGGGggrrrrrGGGgg
1416.00,n1,0,2,rrrrrGGGggrrrrrGGGgg
1417.00,n1,0,2,rrrrrGGGggrrrrrGGGgg
1418.00,n1,0,2,rrrrrGGGggrrrrrGGGgg
1419.00,n1,0,2,rrrrrGGGggrrrrrGGGgg
1420.00,n1,0,2,rrrrrGGGggrrrrrGGGgg
1421.00,n1,0,2,rrrrrGGGggrrrrrGGGgg
1422.00,n1,0,2,rrrrrGGGggrrrrrGGGgg
1423.00,n1,0,2,rrrrrGGGggrrrrrGGGgg
1424.00,n1,0,2,rrrrrGGGggrrrrrGGGgg
1425.00,n1,0,2,rrrrrGGGggrrrrrGGGgg
1426.00,n1,0,2,rrrrrGGGggrrrrrGGGgg
1427.00,n1,0,2,rrrrrGGGggrrrrrGGGgg
1428.00,n1,0,2,rrrrrGGGggrrrrrGGGgg
1429.00,n1,0,2,rrrrrGGGggrrrrrGGGgg
1430.00,n1,0,2,rrrrrGGGggrrrrrGGGgg
1431.00,n1,0,2,rrrrrGGGggrrrrrGGGgg
1432.00,n1,0,2,rrrrrGGGggrrrrrGGGgg
1433.00,n1,0,2,rrrrrGGGggrrrrrGGGgg
1434.00,n1,0,2,rrrrrGGGggrrrrrGGGgg
1435.00,n1,0,2,rrrrrGGGggrrrrrGGGgg
1436.00,n1,0,2,rrrrrGGGggrrrrrGGGgg
1437.00,n1,0,3,rrrrryyyyyrrrrryyyyy
1438.00,n1,0,3,rrrrryyyyyrrrrryyyyy
1439.00,n1,0,3,rrrrryyyyyrrrrryyyyy
1440.00,n1,0,0,GGGggrrrrrGGGggrrrrr
1441.00,n1,0,0,GGGggrrrrrGGGggrrrrr
1442.00,n1,0,0,GGGggrrrrrGGGggrrrrr
1443.00,n1,0,0,GGGggrrrrrGGGggrrrrr
1444.00,n1,0,0,GGGggrrrrrGGGggrrrrr
1445.00,n1,0,0,GGGggrrrrrGGGggrrrrr
1446.00,n1,0,0,GGGggrrrrrGGGggrrrrr
1447.00,n1,0,0,GGGggrrrrrGGGggrrrrr
1448.00,n1,0,0,GGGggrrrrrGGGggrrrrr
1449.00,n1,0,0,GGGggrrrrrGGGggrrrrr
1450.00,n1,0,0,GGGggrrrrrGGGggrrrrr
1451.00,n1,0,0,GGGggrrrrrGGGggrrrrr
1452.00,n1,0,0,GGGggrrrrrGGGggrrrrr
1453.00,n1,0,0,GGGggrrrrrGGGggrrrrr
1454.00,n1,0,0,GGGggrrrrrGGGggrrrrr
1455.00,n1,0,0,GGGggrrrrrGGGggrrrrr
1456.00,n1,0,0,GGGggrrrrrGGGggrrrrr
1457.00,n1,0,0,GGGggrrrrrGGGggrrrrr
1458.00,n1,0,0,GGGggrrrrrGGGggrrrrr
1459.00,n1,0,0,GGGggrrrrrGGGggrrrrr
1460.00,n1,0,0,GGGggrrrrrGGGggrrrrr
1461.00,n1,0,0,GGGggrrrrrGGGggrrrrr
1462.00,n1,0,0,GGGggrrrrrGGGggrrrrr
1463.00,n1,0,0,GGGggrrrrrGGGggrrrrr
1464.00,n1,0,0,GGGggrrrrrGGGggrrrrr
1465.00,n1,0,0,GGGggrrrrrGGGggrrrrr
1466.00,n1,0,0,GGGggrrrrrGGGggrrrrr
1467.00,n1,0,0,GGGggrrrrrGGGggrrrrr
1468.00,n1,0,0,GGGggrrrrrGGGggrrrrr
1469.00,n1,0,0,GGGggrrrrrGGGggrrrrr
1470.00,n1,0,0,GGGggrrrrrGGGggrrrrr
1471.00,n1,0,0,GGGggrrrrrGGGggrrrrr
1472.00,n1,0,0,GGGggrrrrrGGGggrrrrr
1473.00,n1,0,0,GGGggrrrrrGGGggrrrrr
1474.00,n1,0,0,GGGggrrrrrGGGggrrrrr
1475.00,n1,0,0,GGGggrrrrrGGGggrrrrr
1476.00,n1,0,0,GGGggrrrrrGGGggrrrrr
1477.00,n1,0,0,GGGggrrrrrGGGggrrrrr
1478.00,n1,0,0,GGGggrrrrrGGGggrrrrr
1479.00,n1,0,0,GGGggrrrrrGGGggrrrrr
1480.00,n1,0,0,GGGggrrrrrGGGggrrrrr
1481.00,n1,0,0,GGGggrrrrrGGGggrrrrr
1482.00,n1,0,1,yyyyyrrrrryyyyyrrrrr
1483.00,n1,0,1,yyyyyrrrrryyyyyrrrrr
1484.00,n1,0,1,yyyyyrrrrryyyyyrrrrr
1485.00,n1,0,2,rrrrrGGGggrrrrrGGGgg
1486.00,n1,0,2,rrrrrGGGggrrrrrGGGgg
1487.00,n1,0,2,rrrrrGGGggrrrrrGGGgg
1488.00,n1,0,2,rrrrrGGGggrrrrrGGGgg
1489.00,n1,0,2,rrrrrGGGggrrrrrGGGgg
1490.00,n1,0,2,rrrrrGGGggrrrrrGGGgg
1491.00,n1,0,2,rrrrrGGGggrrrrrGGGgg
1492.00,n1,0,2,rrrrrGGGggrrrrrGGGgg
1493.00,n1,0,2,rrrrrGGGggrrrrrGGGgg
1494.00,n1,0,2,rrrrrGGGggrrrrrGGGgg
1495.00,n1,0,2,rrrrrGGGggrrrrrGGGgg
1496.00,n1,0,2,rrrrrGGGggrrrrrGGGgg
1497.00,n1,0,2,rrrrrGGGggrrrrrGGGgg
1498.00,n1,0,2,rrrrrGGGggrrrrrGGGgg
1499.00,n1,0,2,rrrrrGGGggrrrrrGGGgg
1500.00,n1,0,2,rrrrrGGGggrrrrrGGGgg
1501.00,n1,0,2,rrrrrGGGggrrrrrGGGgg
1502.00,n1,0,2,rrrrrGGGggrrrrrGGGgg
1503.00,n1,0,2,rrrrrGGGggrrrrrGGGgg
1504.00,n1,0,2,rrrrrGGGggrrrrrGGGgg
1505.00,n1,0,2,rrrrrGGGggrrrrrGGGgg
1506.00,n1,0,2,rrrrrGGGggrrrrrGGGgg
1507.00,n1,0,2,rrrrrGGGggrrrrrGGGgg
1508.00,n1,0,2,rrrrrGGGggrrrrrGGGgg
1509.00,n1,0,2,rrrrrGGGggrrrrrGGGgg
1510.00,n1,0,2,rrrrrGGGggrrrrrGGGgg
1511.00,n1,0,2,rrrrrGGGggrrrrrGGGgg
1512.00,n1,0,2,rrrrrGGGggrrrrrGGGgg
1513.00,n1,0,2,rrrrrGGGggrrrrrGGGgg
1514.00,n1,0,2,rrrrrGGGggrrrrrGGGgg
1515.00,n1,0,2,rrrrrGGGggrrrrrGGGgg
1516.00,n1,0,2,rrrrrGGGggrrrrrGGGgg
1517.00,n1,0,2,rrrrrGGGggrrrrrGGGgg
1518.00,n1,0,2,rrrrrGGGggrrrrrGGGgg
1519.00,n1,0,2,rrrrrGGGggrrrrrGGGgg
1520.00,n1,0,2,rrrrrGGGggrrrrrGGGgg
1521.00,n1,0,2,rrrrrGGGggrrrrrGGGgg
1522.00,n1,0,2,rrrrrGGGggrrrrrGGGgg
1523.00,n1,0,2,rrrrrGGGggrrrrrGGGgg
1524.00,n1,0,2,rrrrrGGGggrrrrrGGGgg
1525.00,n1,0,2,rrrrrGGGggrrrrrGGGgg
1526.00,n1,0,2,rrrrrGGGggrrrrrGGGgg
1527.00,n1,0,3,rrrrryyyyyrrrrryyyyy
1528.00,n1,0,3,rrrrryyyyyrrrrryyyyy
1529.00,n1,0,3,rrrrryyyyyrrrrryyyyy
1530.00,n1,0,0,GGGggrrrrrGGGggrrrrr
1531.00,n1,0,0,GGGggrrrrrGGGggrrrrr
1532.00,n1,0,0,GGGggrrrrrGGGggrrrrr
1533.00,n1,0,0,GGGggrrrrrGGGggrrrrr
1534.00,n1,0,0,GGGggrrrrrGGGggrrrrr
1535.00,n1,0,0,GGGggrrrrrGGGggrrrrr
1536.00,n1,0,0,GGGggrrrrrGGGggrrrrr
1537.00,n1,0,0,GGGggrrrrrGGGggrrrrr
1538.00,n1,0,0,GGGggrrrrrGGGggrrrrr
1539.00,n1,0,0,GGGggrrrrrGGGggrrrrr
1540.00,n1,0,0,GGGggrrrrrGGGggrrrrr
1541.00,n1,0,0,GGGggrrrrrGGGggrrrrr
1542.00,n1,0,0,GGGggrrrrrGGGggrrrrr
1543.00,n1,0,0,GGGggrrrrrGGGggrrrrr
1544.00,n1,0,0,GGGggrrrrrGGGggrrrrr
1545.00,n1,0,0,GGGggrrrrrGGGggrrrrr
1546.00,n1,0,0,GGGggrrrrrGGGggrrrrr
1547.00,n1,0,0,GGGggrrrrrGGGggrrrrr
1548.00,n1,0,0,GGGggrrrrrGGGggrrrrr
1549.00,n1,0,0,GGGggrrrrrGGGggrrrrr
1550.00,n1,0,0,GGGggrrrrrGGGggrrrrr
1551.00,n1,0,0,GGGggrrrrrGGGggrrrrr
1552.00,n1,0,0,GGGggrrrrrGGGggrrrrr
1553.00,n1,0,0,GGGggrrrrrGGGggrrrrr
1554.00,n1,0,0,GGGggrrrrrGGGggrrrrr
1555.00,n1,0,0,GGGggrrrrrGGGggrrrrr
1556.00,n1,0,0,GGGggrrrrrGGGggrrrrr
1557.00,n1,0,0,GGGggrrrrrGGGggrrrrr
1558.00,n1,0,0,GGGggrrrrrGGGggrrrrr
1559.00,n1,0,0,GGGggrrrrrGGGggrrrrr
1560.00,n1,0,0,GGGggrrrrrGGGggrrrrr
1561.00,n1,0,0,GGGggrrrrrGGGggrrrrr
1562.00,n1,0,0,GGGggrrrrrGGGggrrrrr
1563.00,n1,0,0,GGGggrrrrrGGGggrrrrr
1564.00,n1,0,0,GGGggrrrrrGGGggrrrrr
1565.00,n1,0,0,GGGggrrrrrGGGggrrrrr
1566.00,n1,0,0,GGGggrrrrrGGGggrrrrr
1567.00,n1,0,0,GGGggrrrrrGGGggrrrrr
1568.00,n1,0,0,GGGggrrrrrGGGggrrrrr
1569.00,n1,0,0,GGGggrrrrrGGGggrrrrr
1570.00,n1,0,0,GGGggrrrrrGGGggrrrrr
1571.00,n1,0,0,GGGggrrrrrGGGggrrrrr
1572.00,n1,0,1,yyyyyrrrrryyyyyrrrrr
1573.00,n1,0,1,yyyyyrrrrryyyyyrrrrr
1574.00,n1,0,1,yyyyyrrrrryyyyyrrrrr
1575.00,n1,0,2,rrrrrGGGggrrrrrGGGgg
1576.00,n1,0,2,rrrrrGGGggrrrrrGGGgg
1577.00,n1,0,2,rrrrrGGGggrrrrrGGGgg
1578.00,n1,0,2,rrrrrGGGggrrrrrGGGgg
1579.00,n1,0,2,rrrrrGGGggrrrrrGGGgg
1580.00,n1,0,2,rrrrrGGGggrrrrrGGGgg
1581.00,n1,0,2,rrrrrGGGggrrrrrGGGgg
1582.00,n1,0,2,rrrrrGGGggrrrrrGGGgg
1583.00,n1,0,2,rrrrrGGGggrrrrrGGGgg
1584.00,n1,0,2,rrrrrGGGggrrrrrGGGgg
1585.00,n1,0,2,rrrrrGGGggrrrrrGGGgg
1586.00,n1,0,2,rrrrrGGGggrrrrrGGGgg
1587.00,n1,0,2,rrrrrGGGggrrrrrGGGgg
1588.00,n1,0,2,rrrrrGGGggrrrrrGGGgg
1589.00,n1,0,2,rrrrrGGGggrrrrrGGGgg
1590.00,n1,0,2,rrrrrGGGggrrrrrGGGgg
1591.00,n1,0,2,rrrrrGGGggrrrrrGGGgg
1592.00,n1,0,2,rrrrrGGGggrrrrrGGGgg
1593.00,n1,0,2,rrrrrGGGggrrrrrGGGgg
1594.00,n1,0,2,rrrrrGGGggrrrrrGGGgg
1595.00,n1,0,2,rrrrrGGGggrrrrrGGGgg
1596.00,n1,0,2,rrrrrGGGggrrrrrGGGgg
1597.00,n1,0,2,rrrrrGGGggrrrrrGGGgg
1598.00,n1,0,2,rrrrrGGGggrrrrrGGGgg
1599.00,n1,0,2,rrrrrGGGggrrrrrGGGgg
1600.00,n1,0,2,rrrrrGGGggrrrrrGGGgg
1601.00,n1,0,2,rrrrrGGGggrrrrrGGGgg
1602.00,n1,0,2,rrrrrGGGggrrrrrGGGgg
1603.00,n1,0,2,rrrrrGGGggrrrrrGGGgg
1604.00,n1,0,2,rrrrrGGGggrrrrrGGGgg
1605.00,n1,0,2,rrrrrGGGggrrrrrGGGgg
1606.00,n1,0,2,rrrrrGGGggrrrrrGGGgg
1607.00,n1,0,2,rrrrrGGGggrrrrrGGGgg
1608.00,n1,0,2,rrrrrGGGggrrrrrGGGgg
1609.00,n1,0,2,rrrrrGGGggrrrrrGGGgg
1610.00,n1,0,2,rrrrrGGGggrrrrrGGGgg
1611.00,n1,0,2,rrrrrGGGggrrrrrGGGgg
1612.00,n1,0,2,rrrrrGGGggrrrrrGGGgg
1613.00,n1,0,2,rrrrrGGGggrrrrrGGGgg
1614.00,n1,0,2,rrrrrGGGggrrrrrGGGgg
1615.00,n1,0,2,rrrrrGGGggrrrrrGGGgg
1616.00,n1,0,2,rrrrrGGGggrrrrrGGGgg
1617.00,n1,0,3,rrrrryyyyyrrrrryyyyy
1618.00,n1,0,3,rrrrryyyyyrrrrryyyyy
1619.00,n1,0,3,rrrrryyyyyrrrrryyyyy
1620.00,n1,0,0,GGGggrrrrrGGGggrrrrr
1621.00,n1,0,0,GGGggrrrrrGGGggrrrrr
1622.00,n1,0,0,GGGggrrrrrGGGggrrrrr
1623.00,n1,0,0,GGGggrrrrrGGGggrrrrr
1624.00,n1,0,0,GGGggrrrrrGGGggrrrrr
1625.00,n1,0,0,GGGggrrrrrGGGggrrrrr
1626.00,n1,0,0,GGGggrrrrrGGGggrrrrr
1627.00,n1,0,0,GGGggrrrrrGGGggrrrrr
1628.00,n1,0,0,GGGggrrrrrGGGggrrrrr
1629.00,n1,0,0,GGGggrrrrrGGGggrrrrr
1630.00,n1,0,0,GGGggrrrrrGGGggrrrrr
1631.00,n1,0,0,GGGggrrrrrGGGggrrrrr
1632.00,n1,0,0,GGGggrrrrrGGGggrrrrr
1633.00,n1,0,0,GGGggrrrrrGGGggrrrrr
1634.00,n1,0,0,GGGggrrrrrGGGggrrrrr
1635.00,n1,0,0,GGGggrrrrrGGGggrrrrr
1636.00,n1,0,0,GGGggrrrrrGGGggrrrrr
1637.00,n1,0,0,GGGggrrrrrGGGggrrrrr
1638.00,n1,0,0,GGGggrrrrrGGGggrrrrr
1639.00,n1,0,0,GGGggrrrrrGGGggrrrrr
1640.00,n1,0,0,GGGggrrrrrGGGggrrrrr
1641.00,n1,0,0,GGGggrrrrrGGGggrrrrr
1642.00,n1,0,0,GGGggrrrrrGGGggrrrrr
1643.00,n1,0,0,GGGggrrrrrGGGggrrrrr
1644.00,n1,0,0,GGGggrrrrrGGGggrrrrr
1645.00,n1,0,0,GGGggrrrrrGGGggrrrrr
1646.00,n1,0,0,GGGggrrrrrGGGggrrrrr
1647.00,n1,0,0,GGGggrrrrrGGGggrrrrr
1648.00,n1,0,0,GGGggrrrrrGGGggrrrrr
1649.00,n1,0,0,GGGggrrrrrGGGggrrrrr
1650.00,n1,0,0,GGGggrrrrrGGGggrrrrr
1651.00,n1,0,0,GGGggrrrrrGGGggrrrrr
1652.00,n1,0,0,GGGggrrrrrGGGggrrrrr
1653.00,n1,0,0,GGGggrrrrrGGGggrrrrr
1654.00,n1,0,0,GGGggrrrrrGGGggrrrrr
1655.00,n1,0,0,GGGggrrrrrGGGggrrrrr
1656.00,n1,0,0,GGGggrrrrrGGGggrrrrr
1657.00,n1,0,0,GGGggrrrrrGGGggrrrrr
1658.00,n1,0,0,GGGggrrrrrGGGggrrrrr
1659.00,n1,0,0,GGGggrrrrrGGGggrrrrr
1660.00,n1,0,0,GGGggrrrrrGGGggrrrrr
1661.00,n1,0,0,GGGggrrrrrGGGggrrrrr
1662.00,n1,0,1,yyyyyrrrrryyyyyrrrrr
1663.00,n1,0,1,yyyyyrrrrryyyyyrrrrr
1664.00,n1,0,1,yyyyyrrrrryyyyyrrrrr
1665.00,n1,0,2,rrrrrGGGggrrrrrGGGgg
1666.00,n1,0,2,rrrrrGGGggrrrrrGGGgg
1667.00,n1,0,2,rrrrrGGGggrrrrrGGGgg
1668.00,n1,0,2,rrrrrGGGggrrrrrGGGgg
1669.00,n1,0,2,rrrrrGGGggrrrrrGGGgg
1670.00,n1,0,2,rrrrrGGGggrrrrrGGGgg
1671.00,n1,0,2,rrrrrGGGggrrrrrGGGgg
1672.00,n1,0,2,rrrrrGGGggrrrrrGGGgg
1673.00,n1,0,2,rrrrrGGGggrrrrrGGGgg
1674.00,n1,0,2,rrrrrGGGggrrrrrGGGgg
1675.00,n1,0,2,rrrrrGGGggrrrrrGGGgg
1676.00,n1,0,2,rrrrrGGGggrrrrrGGGgg
1677.00,n1,0,2,rrrrrGGGggrrrrrGGGgg
1678.00,n1,0,2,rrrrrGGGggrrrrrGGGgg
1679.00,n1,0,2,rrrrrGGGggrrrrrGGGgg
1680.00,n1,0,2,rrrrrGGGggrrrrrGGGgg
1681.00,n1,0,2,rrrrrGGGggrrrrrGGGgg
1682.00,n1,0,2,rrrrrGGGggrrrrrGGGgg
1683.00,n1,0,2,rrrrrGGGggrrrrrGGGgg
1684.00,n1,0,2,rrrrrGGGggrrrrrGGGgg
1685.00,n1,0,2,rrrrrGGGggrrrrrGGGgg
1686.00,n1,0,2,rrrrrGGGggrrrrrGGGgg
1687.00,n1,0,2,rrrrrGGGggrrrrrGGGgg
1688.00,n1,0,2,rrrrrGGGggrrrrrGGGgg
1689.00,n1,0,2,rrrrrGGGggrrrrrGGGgg
1690.00,n1,0,2,rrrrrGGGggrrrrrGGGgg
1691.00,n1,0,2,rrrrrGGGggrrrrrGGGgg
1692.00,n1,0,2,rrrrrGGGggrrrrrGGGgg
1693.00,n1,0,2,rrrrrGGGggrrrrrGGGgg
1694.00,n1,0,2,rrrrrGGGggrrrrrGGGgg
1695.00,n1,0,2,rrrrrGGGggrrrrrGGGgg
1696.00,n1,0,2,rrrrrGGGggrrrrrGGGgg
1697.00,n1,0,2,rrrrrGGGggrrrrrGGGgg
1698.00,n1,0,2,rrrrrGGGggrrrrrGGGgg
1699.00,n1,0,2,rrrrrGGGggrrrrrGGGgg
1700.00,n1,0,2,rrrrrGGGggrrrrrGGGgg
1701.00,n1,0,2,rrrrrGGGggrrrrrGGGgg
1702.00,n1,0,2,rrrrrGGGggrrrrrGGGgg
1703.00,n1,0,2,rrrrrGGGggrrrrrGGGgg
1704.00,n1,0,2,rrrrrGGGggrrrrrGGGgg
1705.00,n1,0,2,rrrrrGGGggrrrrrGGGgg
1706.00,n1,0,2,rrrrrGGGggrrrrrGGGgg
1707.00,n1,0,3,rrrrryyyyyrrrrryyyyy
1708.00,n1,0,3,rrrrryyyyyrrrrryyyyy
1709.00,n1,0,3,rrrrryyyyyrrrrryyyyy
1710.00,n1,0,0,GGGggrrrrrGGGggrrrrr
1711.00,n1,0,0,GGGggrrrrrGGGggrrrrr
1712.00,n1,0,0,GGGggrrrrrGGGggrrrrr
1713.00,n1,0,0,GGGggrrrrrGGGggrrrrr
1714.00,n1,0,0,GGGggrrrrrGGGggrrrrr
1715.00,n1,0,0,GGGggrrrrrGGGggrrrrr
1716.00,n1,0,0,GGGggrrrrrGGGggrrrrr
1717.00,n1,0,0,GGGggrrrrrGGGggrrrrr
1718.00,n1,0,0,GGGggrrrrrGGGggrrrrr
1719.00,n1,0,0,GGGggrrrrrGGGggrrrrr
1720.00,n1,0,0,GGGggrrrrrGGGggrrrrr
1721.00,n1,0,0,GGGggrrrrrGGGggrrrrr
1722.00,n1,0,0,GGGggrrrrrGGGggrrrrr
1723.00,n1,0,0,GGGggrrrrrGGGggrrrrr
1724.00,n1,0,0,GGGggrrrrrGGGggrrrrr
1725.00,n1,0,0,GGGggrrrrrGGGggrrrrr
1726.00,n1,0,0,GGGggrrrrrGGGggrrrrr
1727.00,n1,0,0,GGGggrrrrrGGGggrrrrr
1728.00,n1,0,0,GGGggrrrrrGGGggrrrrr
1729.00,n1,0,0,GGGggrrrrrGGGggrrrrr
1730.00,n1,0,0,GGGggrrrrrGGGggrrrrr
1731.00,n1,0,0,GGGggrrrrrGGGggrrrrr
1732.00,n1,0,0,GGGggrrrrrGGGggrrrrr
1733.00,n1,0,0,GGGggrrrrrGGGggrrrrr
1734.00,n1,0,0,GGGggrrrrrGGGggrrrrr
1735.00,n1,0,0,GGGggrrrrrGGGggrrrrr
1736.00,n1,0,0,GGGggrrrrrGGGggrrrrr
1737.00,n1,0,0,GGGggrrrrrGGGggrrrrr
1738.00,n1,0,0,GGGggrrrrrGGGggrrrrr
1739.00,n1,0,0,GGGggrrrrrGGGggrrrrr
1740.00,n1,0,0,GGGggrrrrrGGGggrrrrr
1741.00,n1,0,0,GGGggrrrrrGGGggrrrrr
1742.00,n1,0,0,GGGggrrrrrGGGggrrrrr
1743.00,n1,0,0,GGGggrrrrrGGGggrrrrr
1744.00,n1,0,0,GGGggrrrrrGGGggrrrrr
1745.00,n1,0,0,GGGggrrrrrGGGggrrrrr
1746.00,n1,0,0,GGGggrrrrrGGGggrrrrr
1747.00,n1,0,0,GGGggrrrrrGGGggrrrrr
1748.00,n1,0,0,GGGggrrrrrGGGggrrrrr
1749.00,n1,0,0,GGGggrrrrrGGGggrrrrr
1750.00,n1,0,0,GGGggrrrrrGGGggrrrrr
1751.00,n1,0,0,GGGggrrrrrGGGggrrrrr
1752.00,n1,0,1,yyyyyrrrrryyyyyrrrrr
1753.00,n1,0,1,yyyyyrrrrryyyyyrrrrr
1754.00,n1,0,1,yyyyyrrrrryyyyyrrrrr
1755.00,n1,0,2,rrrrrGGGggrrrrrGGGgg
1756.00,n1,0,2,rrrrrGGGggrrrrrGGGgg
1757.00,n1,0,2,rrrrrGGGggrrrrrGGGgg
1758.00,n1,0,2,rrrrrGGGggrrrrrGGGgg
1759.00,n1,0,2,rrrrrGGGggrrrrrGGGgg
1760.00,n1,0,2,rrrrrGGGggrrrrrGGGgg
1761.00,n1,0,2,rrrrrGGGggrrrrrGGGgg
1762.00,n1,0,2,rrrrrGGGggrrrrrGGGgg
1763.00,n1,0,2,rrrrrGGGggrrrrrGGGgg
1764.00,n1,0,2,rrrrrGGGggrrrrrGGGgg
1765.00,n1,0,2,rrrrrGGGggrrrrrGGGgg
1766.00,n1,0,2,rrrrrGGGggrrrrrGGGgg
1767.00,n1,0,2,rrrrrGGGggrrrrrGGGgg
1768.00,n1,0,2,rrrrrGGGggrrrrrGGGgg
1769.00,n1,0,2,rrrrrGGGggrrrrrGGGgg
1770.00,n1,0,2,rrrrrGGGggrrrrrGGGgg
1771.00,n1,0,2,rrrrrGGGggrrrrrGGGgg
1772.00,n1,0,2,rrrrrGGGggrrrrrGGGgg
1773.00,n1,0,2,rrrrrGGGggrrrrrGGGgg
1774.00,n1,0,2,rrrrrGGGggrrrrrGGGgg
1775.00,n1,0,2,rrrrrGGGggrrrrrGGGgg
1776.00,n1,0,2,rrrrrGGGggrrrrrGGGgg
1777.00,n1,0,2,rrrrrGGGggrrrrrGGGgg
1778.00,n1,0,2,rrrrrGGGggrrrrrGGGgg
1779.00,n1,0,2,rrrrrGGGggrrrrrGGGgg
1780.00,n1,0,2,rrrrrGGGggrrrrrGGGgg
1781.00,n1,0,2,rrrrrGGGggrrrrrGGGgg
1782.00,n1,0,2,rrrrrGGGggrrrrrGGGgg
1783.00,n1,0,2,rrrrrGGGggrrrrrGGGgg
1784.00,n1,0,2,rrrrrGGGggrrrrrGGGgg
1785.00,n1,0,2,rrrrrGGGggrrrrrGGGgg
1786.00,n1,0,2,rrrrrGGGggrrrrrGGGgg
1787.00,n1,0,2,rrrrrGGGggrrrrrGGGgg
1788.00,n1,0,2,rrrrrGGGggrrrrrGGGgg
1789.00,n1,0,2,rrrrrGGGggrrrrrGGGgg
1790.00,n1,0,2,rrrrrGGGggrrrrrGGGgg
1791.00,n1,0,2,rrrrrGGGggrrrrrGGGgg
1792.00,n1,0,2,rrrrrGGGggrrrrrGGGgg
1793.00,n1,0,2,rrrrrGGGggrrrrrGGGgg
1794.00,n1,0,2,rrrrrGGGggrrrrrGGGgg
1795.00,n1,0,2,rrrrrGGGggrrrrrGGGgg
1796.00,n1,0,2,rrrrrGGGggrrrrrGGGgg
1797.00,n1,0,3,rrrrryyyyyrrrrryyyyy
1798.00,n1,0,3,rrrrryyyyyrrrrryyyyy
1799.00,n1,0,3,rrrrryyyyyrrrrryyyyy
1800.00,n1,0,0,GGGggrrrrrGGGggrrrrr
1801.00,n1,0,0,GGGggrrrrrGGGggrrrrr
1802.00,n1,0,0,GGGggrrrrrGGGggrrrrr
1803.00,n1,0,0,GGGggrrrrrGGGggrrrrr
1804.00,n1,0,0,GGGggrrrrrGGGggrrrrr
1805.00,n1,0,0,GGGggrrrrrGGGggrrrrr
1806.00,n1,0,0,GGGggrrrrrGGGggrrrrr
1807.00,n1,0,0,GGGggrrrrrGGGggrrrrr
1808.00,n1,0,0,GGGggrrrrrGGGggrrrrr
1809.00,n1,0,0,GGGggrrrrrGGGggrrrrr
1810.00,n1,0,0,GGGggrrrrrGGGggrrrrr
1811.00,n1,0,0,GGGggrrrrrGGGggrrrrr
1812.00,n1,0,0,GGGggrrrrrGGGggrrrrr
1813.00,n1,0,0,GGGggrrrrrGGGggrrrrr
1814.00,n1,0,0,GGGggrrrrrGGGggrrrrr
1815.00,n1,0,0,GGGggrrrrrGGGggrrrrr
1816.00,n1,0,0,GGGggrrrrrGGGggrrrrr
1817.00,n1,0,0,GGGggrrrrrGGGggrrrrr
1818.00,n1,0,0,GGGggrrrrrGGGggrrrrr
1819.00,n1,0,0,GGGggrrrrrGGGggrrrrr
1820.00,n1,0,0,GGGggrrrrrGGGggrrrrr
1821.00,n1,0,0,GGGggrrrrrGGGggrrrrr
1822.00,n1,0,0,GGGggrrrrrGGGggrrrrr
1823.00,n1,0,0,GGGggrrrrrGGGggrrrrr
1824.00,n1,0,0,GGGggrrrrrGGGggrrrrr
1825.00,n1,0,0,GGGggrrrrrGGGggrrrrr
1826.00,n1,0,0,GGGggrrrrrGGGggrrrrr
1827.00,n1,0,0,GGGggrrrrrGGGggrrrrr
1828.00,n1,0,0,GGGggrrrrrGGGggrrrrr
1829.00,n1,0,0,GGGggrrrrrGGGggrrrrr
1830.00,n1,0,0,GGGggrrrrrGGGggrrrrr
1831.00,n1,0,0,GGGggrrrrrGGGggrrrrr
1832.00,n1,0,0,GGGggrrrrrGGGggrrrrr
1833.00,n1,0,0,GGGggrrrrrGGGggrrrrr
1834.00,n1,0,0,GGGggrrrrrGGGggrrrrr
1835.00,n1,0,0,GGGggrrrrrGGGggrrrrr
1836.00,n1,0,0,GGGggrrrrrGGGggrrrrr
1837.00,n1,0,0,GGGggrrrrrGGGggrrrrr
1838.00,n1,0,0,GGGggrrrrrGGGggrrrrr
1839.00,n1,0,0,GGGggrrrrrGGGggrrrrr
1840.00,n1,0,0,GGGggrrrrrGGGggrrrrr
1841.00,n1,0,0,GGGggrrrrrGGGggrrrrr
1842.00,n1,0,1,yyyyyrrrrryyyyyrrrrr
1843.00,n1,0,1,yyyyyrrrrryyyyyrrrrr
1844.00,n1,0,1,yyyyyrrrrryyyyyrrrrr
1845.00,n1,0,2,rrrrrGGGggrrrrrGGGgg
1846.00,n1,0,2,rrrrrGGGggrrrrrGGGgg
1847.00,n1,0,2,rrrrrGGGggrrrrrGGGgg
1848.00,n1,0,2,rrrrrGGGggrrrrrGGGgg
1849.00,n1,0,2,rrrrrGGGggrrrrrGGGgg
1850.00,n1,0,2,rrrrrGGGggrrrrrGGGgg
1851.00,n1,0,2,rrrrrGGGggrrrrrGGGgg
1852.00,n1,0,2,rrrrrGGGggrrrrrGGGgg
1853.00,n1,0,2,rrrrrGGGggrrrrrGGGgg
1854.00,n1,0,2,rrrrrGGGggrrrrrGGGgg
1855.00,n1,0,2,rrrrrGGGggrrrrrGGGgg
1856.00,n1,0,2,rrrrrGGGggrrrrrGGGgg
1857.00,n1,0,2,rrrrrGGGggrrrrrGGGgg
1858.00,n1,0,2,rrrrrGGGggrrrrrGGGgg
1859.00,n1,0,2,rrrrrGGGggrrrrrGGGgg
1860.00,n1,0,2,rrrrrGGGggrrrrrGGGgg
1861.00,n1,0,2,rrrrrGGGggrrrrrGGGgg
1862.00,n1,0,2,rrrrrGGGggrrrrrGGGgg
1863.00,n1,0,2,rrrrrGGGggrrrrrGGGgg
1864.00,n1,0,2,rrrrrGGGggrrrrrGGGgg
1865.00,n1,0,2,rrrrrGGGggrrrrrGGGgg
1866.00,n1,0,2,rrrrrGGGggrrrrrGGGgg
1867.00,n1,0,2,rrrrrGGGggrrrrrGGGgg
1868.00,n1,0,2,rrrrrGGGggrrrrrGGGgg
1869.00,n1,0,2,rrrrrGGGggrrrrrGGGgg
1870.00,n1,0,2,rrrrrGGGggrrrrrGGGgg
1871.00,n1,0,2,rrrrrGGGggrrrrrGGGgg
1872.00,n1,0,2,rrrrrGGGggrrrrrGGGgg
1873.00,n1,0,2,rrrrrGGGggrrrrrGGGgg
1874.00,n1,0,2,rrrrrGGGggrrrrrGGGgg
1875.00,n1,0,2,rrrrrGGGggrrrrrGGGgg
1876.00,n1,0,2,rrrrrGGGggrrrrrGGGgg
1877.00,n1,0,2,rrrrrGGGggrrrrrGGGgg
1878.00,n1,0,2,rrrrrGGGggrrrrrGGGgg
1879.00,n1,0,2,rrrrrGGGggrrrrrGGGgg
1880.00,n1,0,2,rrrrrGGGggrrrrrGGGgg
1881.00,n1,0,2,rrrrrGGGggrrrrrGGGgg
1882.00,n1,0,2,rrrrrGGGggrrrrrGGGgg
1883.00,n1,0,2,rrrrrGGGggrrrrrGGGgg
1884.00,n1,0,2,rrrrrGGGggrrrrrGGGgg
1885.00,n1,0,2,rrrrrGGGggrrrrrGGGgg
1886.00,n1,0,2,rrrrrGGGggrrrrrGGGgg
1887.00,n1,0,3,rrrrryyyyyrrrrryyyyy
1888.00,n1,0,3,rrrrryyyyyrrrrryyyyy
1889.00,n1,0,3,rrrrryyyyyrrrrryyyyy
1890.00,n1,0,0,GGGggrrrrrGGGggrrrrr
1891.00,n1,0,0,GGGggrrrrrGGGggrrrrr
1892.00,n1,0,0,GGGggrrrrrGGGggrrrrr
1893.00,n1,0,0,GGGggrrrrrGGGggrrrrr
1894.00,n1,0,0,GGGggrrrrrGGGggrrrrr
1895.00,n1,0,0,GGGggrrrrrGGGggrrrrr
1896.00,n1,0,0,GGGggrrrrrGGGggrrrrr
1897.00,n1,0,0,GGGggrrrrrGGGggrrrrr
1898.00,n1,0,0,GGGggrrrrrGGGggrrrrr
1899.00,n1,0,0,GGGggrrrrrGGGggrrrrr
1900.00,n1,0,0,GGGggrrrrrGGGggrrrrr
1901.00,n1,0,0,GGGggrrrrrGGGggrrrrr
1902.00,n1,0,0,GGGggrrrrrGGGggrrrrr
1903.00,n1,0,0,GGGggrrrrrGGGggrrrrr
1904.00,n1,0,0,GGGggrrrrrGGGggrrrrr
1905.00,n1,0,0,GGGggrrrrrGGGggrrrrr
1906.00,n1,0,0,GGGggrrrrrGGGggrrrrr
1907.00,n1,0,0,GGGggrrrrrGGGggrrrrr
1908.00,n1,0,0,GGGggrrrrrGGGggrrrrr
1909.00,n1,0,0,GGGggrrrrrGGGggrrrrr
1910.00,n1,0,0,GGGggrrrrrGGGggrrrrr
1911.00,n1,0,0,GGGggrrrrrGGGggrrrrr
1912.00,n1,0,0,GGGggrrrrrGGGggrrrrr
1913.00,n1,0,0,GGGggrrrrrGGGggrrrrr
1914.00,n1,0,0,GGGggrrrrrGGGggrrrrr
1915.00,n1,0,0,GGGggrrrrrGGGggrrrrr
1916.00,n1,0,0,GGGggrrrrrGGGggrrrrr
1917.00,n1,0,0,GGGggrrrrrGGGggrrrrr
1918.00,n1,0,0,GGGggrrrrrGGGggrrrrr
1919.00,n1,0,0,GGGggrrrrrGGGggrrrrr
1920.00,n1,0,0,GGGggrrrrrGGGggrrrrr
1921.00,n1,0,0,GGGggrrrrrGGGggrrrrr
1922.00,n1,0,0,GGGggrrrrrGGGggrrrrr
1923.00,n1,0,0,GGGggrrrrrGGGggrrrrr
1924.00,n1,0,0,GGGggrrrrrGGGggrrrrr
1925.00,n1,0,0,GGGggrrrrrGGGggrrrrr
1926.00,n1,0,0,GGGggrrrrrGGGggrrrrr
1927.00,n1,0,0,GGGggrrrrrGGGggrrrrr
1928.00,n1,0,0,GGGggrrrrrGGGggrrrrr
1929.00,n1,0,0,GGGggrrrrrGGGggrrrrr
1930.00,n1,0,0,GGGggrrrrrGGGggrrrrr
1931.00,n1,0,0,GGGggrrrrrGGGggrrrrr
1932.00,n1,0,1,yyyyyrrrrryyyyyrrrrr
1933.00,n1,0,1,yyyyyrrrrryyyyyrrrrr
1934.00,n1,0,1,yyyyyrrrrryyyyyrrrrr
1935.00,n1,0,2,rrrrrGGGggrrrrrGGGgg
1936.00,n1,0,2,rrrrrGGGggrrrrrGGGgg
1937.00,n1,0,2,rrrrrGGGggrrrrrGGGgg
1938.00,n1,0,2,rrrrrGGGggrrrrrGGGgg
1939.00,n1,0,2,rrrrrGGGggrrrrrGGGgg
1940.00,n1,0,2,rrrrrGGGggrrrrrGGGgg
1941.00,n1,0,2,rrrrrGGGggrrrrrGGGgg
1942.00,n1,0,2,rrrrrGGGggrrrrrGGGgg
1943.00,n1,0,2,rrrrrGGGggrrrrrGGGgg
1944.00,n1,0,2,rrrrrGGGggrrrrrGGGgg
1945.00,n1,0,2,rrrrrGGGggrrrrrGGGgg
1946.00,n1,0,2,rrrrrGGGggrrrrrGGGgg
1947.00,n1,0,2,rrrrrGGGggrrrrrGGGgg
1948.00,n1,0,2,rrrrrGGGggrrrrrGGGgg
1949.00,n1,0,2,rrrrrGGGggrrrrrGGGgg
1950.00,n1,0,2,rrrrrGGGggrrrrrGGGgg
1951.00,n1,0,2,rrrrrGGGggrrrrrGGGgg
1952.00,n1,0,2,rrrrrGGGggrrrrrGGGgg
1953.00,n1,0,2,rrrrrGGGggrrrrrGGGgg
1954.00,n1,0,2,rrrrrGGGggrrrrrGGGgg
1955.00,n1,0,2,rrrrrGGGggrrrrrGGGgg
1956.00,n1,0,2,rrrrrGGGggrrrrrGGGgg
1957.00,n1,0,2,rrrrrGGGggrrrrrGGGgg
1958.00,n1,0,2,rrrrrGGGggrrrrrGGGgg
1959.00,n1,0,2,rrrrrGGGggrrrrrGGGgg
1960.00,n1,0,2,rrrrrGGGggrrrrrGGGgg
1961.00,n1,0,2,rrrrrGGGggrrrrrGGGgg
1962.00,n1,0,2,rrrrrGGGggrrrrrGGGgg
1963.00,n1,0,2,rrrrrGGGggrrrrrGGGgg
1964.00,n1,0,2,rrrrrGGGggrrrrrGGGgg
1965.00,n1,0,2,rrrrrGGGggrrrrrGGGgg
1966.00,n1,0,2,rrrrrGGGggrrrrrGGGgg
1967.00,n1,0,2,rrrrrGGGggrrrrrGGGgg
1968.00,n1,0,2,rrrrrGGGggrrrrrGGGgg
1969.00,n1,0,2,rrrrrGGGggrrrrrGGGgg
1970.00,n1,0,2,rrrrrGGGggrrrrrGGGgg
1971.00,n1,0,2,rrrrrGGGggrrrrrGGGgg
1972.00,n1,0,2,rrrrrGGGggrrrrrGGGgg
1973.00,n1,0,2,rrrrrGGGggrrrrrGGGgg
1974.00,n1,0,2,rrrrrGGGggrrrrrGGGgg
1975.00,n1,0,2,rrrrrGGGggrrrrrGGGgg
1976.00,n1,0,2,rrrrrGGGggrrrrrGGGgg
1977.00,n1,0,3,rrrrryyyyyrrrrryyyyy
1978.00,n1,0,3,rrrrryyyyyrrrrryyyyy
1979.00,n1,0,3,rrrrryyyyyrrrrryyyyy
1980.00,n1,0,0,GGGggrrrrrGGGggrrrrr
1981.00,n1,0,0,GGGggrrrrrGGGggrrrrr
1982.00,n1,0,0,GGGggrrrrrGGGggrrrrr
1983.00,n1,0,0,GGGggrrrrrGGGggrrrrr
1984.00,n1,0,0,GGGggrrrrrGGGggrrrrr
1985.00,n1,0,0,GGGggrrrrrGGGggrrrrr
1986.00,n1,0,0,GGGggrrrrrGGGggrrrrr
1987.00,n1,0,0,GGGggrrrrrGGGggrrrrr
1988.00,n1,0,0,GGGggrrrrrGGGggrrrrr
1989.00,n1,0,0,GGGggrrrrrGGGggrrrrr
1990.00,n1,0,0,GGGggrrrrrGGGggrrrrr
1991.00,n1,0,0,GGGggrrrrrGGGggrrrrr
1992.00,n1,0,0,GGGggrrrrrGGGggrrrrr
1993.00,n1,0,0,GGGggrrrrrGGGggrrrrr
1994.00,n1,0,0,GGGggrrrrrGGGggrrrrr
1995.00,n1,0,0,GGGggrrrrrGGGggrrrrr
1996.00,n1,0,0,GGGggrrrrrGGGggrrrrr
1997.00,n1,0,0,GGGggrrrrrGGGggrrrrr
1998.00,n1,0,0,GGGggrrrrrGGGggrrrrr
1999.00,n1,0,0,GGGggrrrrrGGGggrrrrr
